date,pokemon,usage,moves,move usage,ability,ability usage,sp,sp usage,nature,nature usage,item,item usage,,
2026-04-17,sneasler,1,close combat:dire claw:fake out:protect,99.5:98.4:89.0:67.5,unburden,92.5,2 HP / 32 Atk / 32 Spe,47.2,jolly,60.7,white herb,79.8,,
2026-04-17,incineroar,2,fake out:parting shot:flare blitz:darkest lariat,99.5:95.6:90.5:50.2,intimidate,99.8,32 HP / 14 Def / 20 SpD,,careful,,sitrus berry,,,
2026-04-17,garchomp,3,earthquake:rock slide:dragon claw:protect,89.1:83.1:82.0:68.6,rough skin,93.0,2 HP / 32 Atk / 32 Spe,42.2,jolly,53.4,choice scarf:white herb: soft sand,26.7:14.8:13.3,,
2026-04-17,kingambit,4,sucker punch:protect:kowtow cleave:iron head,98.5:86.0:84.0:73.9,defiant,95.5,32 HP / 32 Atk / 2 SpD,16.7,adamant,83.6,black glasses,51.7,,
2026-04-17,sinistcha,5,matcha gotcha:rage powder:trick room:life dew,99.0:96.4:63.4:56.7,hospitality,98.4,32 HP / 14 Def / 20 SpD,9.3,bold,40.0,sitrus berry:leftovers,47.5:20.7,,
2026-04-17,basculegion,6,last respects:wave crash:aqua jet:flip turn,99.5:95.4:83.1:76.5,adaptability,78.3,2 HP / 32 Atk / 32 Spe,42.2,adamant,51.2,choice scarf:Mystic Water:focus sash,69.5:19:4.5,,
2026-04-17,charizard,7,protect:heat wave:solar beam:weather ball,95.3:91.6:76.6:46.7,blaze:solar power,59.0:40.9,2 HP / 32 SpA / 32 Spe,29.7,modest,56.4,charizardite y,92.4,,
2026-04-17,aerodactyl,8,rock slide:dual wingbeat:tailwind:protect,98.6:93.5:92.3:85.4,unnerve,94.3,2 HP / 32 Atk / 32 Spe,58.2,jolly,90.0,focus sash,77.5,,
2026-04-17,whimsicott,9,tailwind:moonblast:encore:protect,98.8:89.5:73.0:36.9,prankster,99.1,2 HP / 32 SpA / 32 Spe,45.4,timid,75.9,focus sash,76.8,,
2026-04-17,rotom-wash,10,hydro pump:thunderbolt:volt switch:protect,98.6:71.5:59.2:51.2,levitate,100.0,2 HP / 32 SpA / 32 Spe,11.1,modest,53.9,sitrus berry,32.0,,
2026-04-19,sneasler,1,close combat:dire claw:fake out:protect:coaching,99.5:98.5:89.6:68.5:9.3,unburden:poison touch,91.5:8.1,2 HP / 32 Atk / 32 Spe,46.7,jolly,60.0,white herb:focus sash,80.6:17.0,,
2026-04-19,incineroar,2,fake out:parting shot:flare blitz:darkest lariat:throat chop,99.5:95.0:90.9:50.2:31.6,intimidate,99.8,32 HP / 14 Def / 20 SpD,4.6,careful,36.2,sitrus berry:chople berry:shuca berry,61.4:12.5:8.3,,
2026-04-19,garchomp,3,earthquake:rock slide:dragon claw:protect:stomping tantrum,90.0:84.5:82.9:68.6:35.0,rough skin:sand veil,93.1:6.8,2 HP / 32 Atk / 32 Spe,40.7,jolly,50.2,choice scarf:white herb:soft sand:haban berry,26.6:14.8:13.1:9.0,,
2026-04-19,kingambit,4,sucker punch:kowtow cleave:protect:iron head:low kick,98.4:85.8:84.4:73.6:31.5,defiant:supreme overlord,95.0:4.9,32 HP / 32 Atk / 2 SpD,17.7,adamant,82.8,black glasses:chople berry:focus sash,49.0:36.7:5.6,,
2026-04-19,sinistcha,5,matcha gotcha:rage powder:trick room:life dew:protect,99.0:96.0:64.6:57.5:34.0,hospitality,98.4,32 HP / 14 Def / 20 SpD,9.8,bold,39.7,sitrus berry:leftovers:colbur berry,47.7:20.3:6.5,,
2026-04-19,basculegion,6,last respects:wave crash:aqua jet:flip turn:protect,99.5:94.6:84.1:72.8:26.7,adaptability:swift swim,80.0:19.7,2 HP / 32 Atk / 32 Spe,41.9,adamant,52.7,choice scarf:mystic water:sitrus berry,66.1:17.7:6.8,,
2026-04-19,aerodactyl,7,rock slide:dual wingbeat:tailwind:protect:wide guard,98.6:93.5:93.0:85.0:11.1,unnerve:pressure:rock head,94.8:3.5:1.6,2 HP / 32 Atk / 32 Spe,59.4,jolly,89.6,focus sash:aerodactylite:king's rock,77.8:13.3:1.8,,
2026-04-19,charizard,8,protect:heat wave:solar beam:weather ball:air slash,94.4:90.5:76.3:46.5:27.2,blaze:solar power,59.9:40.0,2 HP / 32 SpA / 32 Spe,30.7,modest,55.5,charizardite y:charizardite x,91.5:7.3,,
2026-04-19,rotom-wash,9,hydro pump:thunderbolt:volt switch:protect:will-o-wisp,98.0:71.6:57.0:51.7:51.0,levitate,100.0,2 HP / 32 SpA / 32 Spe,11.5,modest,53.2,sitrus berry:leftovers:choice scarf,32.4:30.2:26.8,,
2026-04-19,whimsicott,10,tailwind:moonblast:encore:protect:sunny day,98.5:88.4:73.0:38.5:30.7,prankster,99.0,2 HP / 32 SpA / 32 Spe,45.5,timid,75.1,focus sash:mental herb:sitrus berry,76.4:8.1:2.7,,
2026-04-27,sneasler,1,close combat:dire claw:fake out:protect:coaching,99.5:98.6:91.4:68.8:10.5,unburden:poison touch:pressure,90.4:9.4:0.3,2 HP / 32 Atk / 32 Spe:32 Atk / 2 Def / 32 Spe:1 HP / 32 Atk / 1 Def / 32 Spe:32 Atk / 2 SpD / 32 Spe:32 Atk / 32 Spe,47.3:12.0:7.8:7.1:2.7,jolly:adamant:naive:hasty:lonely,56.7:40.8:0.7:0.4:0.3,white herb:focus sash:sitrus berry:mental herb:king's rock,81.8:15.8:0.4:0.4:0.3,,
2026-04-27,garchomp,2,earthquake:rock slide:dragon claw:protect:stomping tantrum,90.7:86.7:84.0:70.8:31.0,rough skin:sand veil,93.7:6.3,2 HP / 32 Atk / 32 Spe:32 Atk / 2 SpD / 32 Spe:1 HP / 32 Atk / 1 Def / 32 Spe:32 Atk / 2 Def / 32 Spe:32 Atk / 1 Def / 1 SpD / 32 Spe,38.2:4.8:4.1:3.5:2.6,adamant:jolly:brave:impish:careful,53.1:45.2:0.3:0.2:0.2,choice scarf:white herb:sitrus berry:soft sand:haban berry,24.1:13.1:12.8:12.1:10.3,,
2026-04-27,incineroar,3,fake out:parting shot:flare blitz:darkest lariat:throat chop,99.4:93.9:90.8:49.2:33.6,intimidate:blaze,99.7:0.3,32 HP / 14 Def / 20 SpD:32 HP / 32 Atk / 2 Spe:32 HP / 5 Atk / 7 Def / 16 SpD / 6 Spe:32 HP / 11 Def / 16 SpD / 7 Spe:32 HP / 32 Atk / 2 Def,5.0:3.3:2.9:2.5:2.0,careful:adamant:impish:brave:sassy,37.2:27.6:20.9:5.4:3.5,sitrus berry:chople berry:shuca berry:leftovers:lum berry,58.3:16.1:7.6:6.6:2.7,,
2026-04-27,kingambit,4,sucker punch:kowtow cleave:protect:iron head:low kick,98.4:88.3:82.1:71.9:37.3,defiant:supreme overlord:pressure,93.7:6.2:0.1,32 HP / 32 Atk / 2 SpD:32 HP / 32 Atk / 2 Def:32 HP / 32 Atk / 2 Spe:32 HP / 26 Atk / 2 Def / 1 SpD / 5 Spe:32 HP / 32 Atk / 1 Def / 1 SpD,18.0:9.0:7.3:3.3:2.4,adamant:brave:impish:jolly:careful,81.1:16.2:0.6:0.6:0.5,black glasses:chople berry:focus sash:lum berry:sitrus berry,44.1:42.7:5.0:1.7:1.5,,
2026-04-27,basculegion,5,last respects:wave crash:aqua jet:flip turn:protect,99.7:89.6:85.4:67.0:32.0,adaptability:swift swim:mold breaker,81.8:18.0:0.2,2 HP / 32 Atk / 32 Spe:32 Atk / 2 Def / 32 Spe:32 Atk / 2 SpD / 32 Spe:20 HP / 32 Atk / 8 Def / 1 SpD / 5 Spe:32 Atk / 1 Def / 1 SpD / 32 Spe,41.6:17.1:5.0:3.8:3.2,adamant:jolly:brave:naughty:lonely,54.6:43.3:0.4:0.4:0.3,choice scarf:mystic water:focus sash:sitrus berry:kasib berry,60.9:15.2:9.8:8.6:1.2,,
2026-04-27,sinistcha,6,matcha gotcha:rage powder:trick room:life dew:protect,99.0:95.0:65.7:59.4:32.8,hospitality:heatproof,98.4:1.6,32 HP / 14 Def / 20 SpD:32 HP / 4 Def / 30 SpD:32 HP / 2 Def / 32 SpD:32 HP / 32 Def / 2 SpD:31 HP / 10 Def / 1 SpA / 23 SpD / 1 Spe,10.7:7.0:5.9:3.2:3.1,bold:calm:modest:sassy:relaxed,40.7:33.2:10.2:6.0:4.5,sitrus berry:leftovers:colbur berry:occa berry:mental herb,45.3:20.1:6.8:6.6:3.6,,
2026-04-27,aerodactyl,7,rock slide:tailwind:dual wingbeat:protect:wide guard,98.8:93.5:92.1:82.3:15.4,unnerve:pressure:rock head,95.5:3.1:1.4,2 HP / 32 Atk / 32 Spe:32 Atk / 2 Def / 32 Spe:32 Atk / 2 SpD / 32 Spe:1 HP / 32 Atk / 1 Def / 32 Spe:32 Atk / 1 Def / 1 SpD / 32 Spe,56.5:11.2:5.3:3.5:3.1,jolly:adamant:naive:hasty:naughty,89.8:8.3:0.4:0.4:0.2,focus sash:aerodactylite:king's rock:hard stone:lum berry,71.8:19.3:2.1:1.2:1.1,,
2026-04-27,charizard,8,protect:heat wave:solar beam:weather ball:air slash,93.5:84.9:75.1:46.6:23.6,blaze:solar power,64.2:35.8,2 HP / 32 SpA / 32 Spe:2 Def / 32 SpA / 32 Spe:6 HP / 16 Def / 31 SpA / 13 Spe:6 HP / 16 Def / 30 SpA / 14 Spe:1 HP / 32 SpA / 1 SpD / 32 Spe,28.9:5.8:5.0:4.6:3.0,modest:timid:adamant:jolly:quiet,53.9:31.6:10.5:2.0:0.3,charizardite y:charizardite x:choice scarf:charcoal:focus sash,86.0:12.6:0.3:0.1:0.1,,
2026-04-27,milotic,9,scald:protect:icy wind:recover:ice beam,74.7:67.6:50.6:47.7:34.7,competitive:marvel scale:cute charm,98.6:1.1:0.3,32 HP / 21 Def / 10 SpA / 1 SpD / 2 Spe:31 HP / 21 Def / 1 SpA / 12 SpD / 1 Spe:32 HP / 2 Def / 32 SpA:32 HP / 32 Def / 2 SpD:29 HP / 22 Def / 1 SpA / 14 Spe,6.9:6.5:5.0:4.2:3.3,modest:bold:calm:timid:quiet,37.2:34.6:21.0:2.5:2.3,leftovers:sitrus berry:mystic water:quick claw:lum berry,79.5:11.4:3.3:1.0:0.9,,
2026-04-27,pelipper,10,hurricane:tailwind:weather ball:protect:wide guard,96.7:77.1:76.7:53.7:48.2,drizzle:rain dish:keen eye,99.8:0.1:0.1,2 HP / 32 SpA / 32 Spe:32 SpA / 2 SpD / 32 Spe:32 HP / 32 SpA / 2 SpD:2 Def / 32 SpA / 32 Spe:1 HP / 32 SpA / 32 Spe,34.1:4.6:4.2:3.2:2.7,modest:timid:bold:calm:quiet,42.6:32.7:12.5:5.2:4.3,focus sash:sitrus berry:choice scarf:mystic water:leftovers,62.6:14.8:4.2:3.7:3.7,,
2026-05-03,sneasler,1,close combat:dire claw:fake out:protect:coaching,99.5:98.5:91.9:69.3:10.1,unburden:poison touch:pressure,90.6:9.2:0.3,2 HP / 32 Atk / 32 Spe:32 Atk / 2 Def / 32 Spe:32 Atk / 2 SpD / 32 Spe:1 HP / 32 Atk / 1 Def / 32 Spe:32 Atk / 32 Spe,46.9:11.5:7.0:7.0:2.6,jolly:adamant:naive:hasty:impish,55.0:42.5:0.7:0.4:0.3,white herb:focus sash:sitrus berry:mental herb:king's rock,82.4:15.0:0.4:0.4:0.3,,
2026-05-03,garchomp,2,earthquake:rock slide:dragon claw:protect:stomping tantrum,90.6:85.5:81.7:70.7:31.8,rough skin:sand veil,93.9:6.1,2 HP / 32 Atk / 32 Spe:32 Atk / 2 SpD / 32 Spe:1 HP / 32 Atk / 1 Def / 32 Spe:32 Atk / 2 Def / 32 Spe:32 Atk / 1 Def / 1 SpD / 32 Spe,37.4:4.7:3.6:3.6:2.6,adamant:jolly:brave:impish:careful,55.0:43.1:0.4:0.3:0.2,choice scarf:sitrus berry:white herb:soft sand:haban berry,23.7:13.9:11.8:11.5:9.6,,
2026-05-03,incineroar,3,fake out:parting shot:flare blitz:darkest lariat:throat chop,99.3:93.3:90.4:49.5:33.3,intimidate:blaze,99.7:0.3,32 HP / 14 Def / 20 SpD:32 HP / 32 Atk / 2 Spe:32 HP / 11 Def / 16 SpD / 7 Spe:32 HP / 5 Atk / 7 Def / 16 SpD / 6 Spe:32 HP / 32 Atk / 2 Def,5.3:3.4:2.8:2.6:2.2,careful:adamant:impish:brave:sassy,37.3:27.3:20.1:5.8:3.4,sitrus berry:chople berry:shuca berry:leftovers:white herb,57.0:16.9:7.4:6.5:2.6,,
2026-05-03,kingambit,4,sucker punch:kowtow cleave:protect:iron head:low kick,98.4:89.1:81.6:69.8:41.4,defiant:supreme overlord:pressure,92.8:7.1:0.1,32 HP / 32 Atk / 2 SpD:32 HP / 32 Atk / 2 Def:32 HP / 32 Atk / 2 Spe:32 HP / 26 Atk / 2 Def / 1 SpD / 5 Spe:32 HP / 32 Atk / 1 Def / 1 SpD,17.6:9.7:7.2:2.8:2.2,adamant:brave:impish:jolly:careful,80.9:16.3:0.7:0.6:0.5,chople berry:black glasses:focus sash:lum berry:sitrus berry,47.2:39.9:5.3:1.6:1.4,,
2026-05-03,basculegion,5,last respects:wave crash:aqua jet:flip turn:protect,99.7:87.3:86.5:66.1:32.7,adaptability:swift swim:mold breaker,83.3:16.5:0.2,2 HP / 32 Atk / 32 Spe:32 Atk / 2 Def / 32 Spe:32 Atk / 2 SpD / 32 Spe:32 Atk / 1 Def / 1 SpD / 32 Spe:20 HP / 32 Atk / 8 Def / 1 SpD / 5 Spe,40.1:20.1:4.5:4.0:3.0,adamant:jolly:brave:naughty:lonely,53.0:44.8:0.5:0.4:0.3,choice scarf:mystic water:focus sash:sitrus berry:colbur berry,60.5:13.8:11.9:7.9:1.4,,
2026-05-03,sinistcha,6,matcha gotcha:rage powder:trick room:life dew:protect,98.9:94.3:66.2:61.7:31.4,hospitality:heatproof,98.3:1.7,32 HP / 14 Def / 20 SpD:32 HP / 4 Def / 30 SpD:32 HP / 2 Def / 32 SpD:31 HP / 7 Def / 28 SpD:32 HP / 32 Def / 2 SpD,10.8:6.5:5.7:4.4:3.2,bold:calm:modest:sassy:relaxed,38.9:31.4:10.0:9.3:4.6,sitrus berry:leftovers:colbur berry:occa berry:kasib berry,42.7:19.4:7.1:6.7:5.7,,
2026-05-03,aerodactyl,7,rock slide:tailwind:dual wingbeat:protect:wide guard,98.8:93.4:88.7:80.8:19.9,unnerve:pressure:rock head,95.8:2.9:1.4,2 HP / 32 Atk / 32 Spe:32 Atk / 2 Def / 32 Spe:32 Atk / 2 SpD / 32 Spe:32 Atk / 1 Def / 1 SpD / 32 Spe:32 HP / 8 Atk / 26 Spe,54.0:11.2:5.1:4.2:3.5,jolly:adamant:hasty:naive:naughty,90.0:8.0:0.4:0.4:0.2,focus sash:aerodactylite:king's rock:hard stone:lum berry,68.6:22.6:2.1:1.2:1.0,,
2026-05-03,charizard,8,protect:heat wave:solar beam:weather ball:air slash,92.8:84.4:76.2:48.3:22.0,blaze:solar power,65.9:34.1,2 HP / 32 SpA / 32 Spe:2 Def / 32 SpA / 32 Spe:6 HP / 16 Def / 30 SpA / 14 Spe:6 HP / 16 Def / 31 SpA / 13 Spe:32 SpA / 2 SpD / 32 Spe,28.2:5.8:4.7:4.3:2.7,modest:timid:adamant:jolly:bold,55.0:30.1:10.7:2.1:0.4,charizardite y:charizardite x:choice scarf:charcoal:focus sash,85.8:12.7:0.2:0.1:0.1,,
2026-05-03,pelipper,9,hurricane:tailwind:weather ball:wide guard:protect,96.8:77.5:77.2:53.1:50.6,drizzle:keen eye:rain dish,99.8:0.1:0.1,2 HP / 32 SpA / 32 Spe:32 SpA / 2 SpD / 32 Spe:31 HP / 2 Def / 32 SpD / 1 Spe:32 HP / 32 SpA / 2 SpD:2 Def / 32 SpA / 32 Spe,31.2:4.3:4.2:4.0:3.1,modest:timid:bold:calm:quiet,40.2:29.9:17.8:5.3:4.0,focus sash:sitrus berry:leftovers:choice scarf:mystic water,57.6:21.6:3.5:3.4:3.3,,
2026-05-03,archaludon,10,flash cannon:electro shot:protect:draco meteor:dragon pulse,91.1:87.2:76.1:53.1:37.6,stamina:sturdy:stalwart,77.7:16.9:5.4,2 HP / 32 SpA / 32 Spe:32 SpA / 2 SpD / 32 Spe:32 HP / 32 SpA / 2 SpD:32 HP / 1 Def / 5 SpA / 25 SpD / 3 Spe:32 HP / 32 SpA / 2 Spe,15.3:6.4:5.4:4.7:3.5,modest:timid:calm:bold:quiet,63.4:14.3:11.3:5.9:2.8,leftovers:sitrus berry:choice scarf:chople berry:white herb,57.0:8.9:8.5:6.7:5.6,,
2026-05-10,sneasler,1,close combat:dire claw:fake out:protect:coaching,99.4:98.4:92.0:69.2:9.7,unburden:poison touch:pressure,90.7:9.1:0.3,2 HP / 32 Atk / 32 Spe:32 Atk / 2 Def / 32 Spe:32 Atk / 2 SpD / 32 Spe:1 HP / 32 Atk / 1 Def / 32 Spe:32 Atk / 32 Spe,46.6:11.3:6.9:6.3:2.5,jolly:adamant:naive:impish:hasty,54.1:43.2:0.7:0.4:0.4,white herb:focus sash:sitrus berry:mental herb:king's rock,82.2:15.0:0.5:0.4:0.3,,
2026-05-10,garchomp,2,earthquake:rock slide:dragon claw:protect:stomping tantrum,90.3:83.9:79.4:69.8:33.3,rough skin:sand veil,94.0:6.0,2 HP / 32 Atk / 32 Spe:32 Atk / 2 SpD / 32 Spe:32 Atk / 2 Def / 32 Spe:1 HP / 32 Atk / 1 Def / 32 Spe:32 Atk / 1 Def / 1 SpD / 32 Spe,36.7:4.6:3.5:3.2:2.5,adamant:jolly:brave:impish:careful,56.7:41.2:0.4:0.3:0.2,choice scarf:sitrus berry:white herb:soft sand:haban berry,24.1:14.5:10.9:10.9:8.8,,
2026-05-10,incineroar,3,fake out:parting shot:flare blitz:darkest lariat:throat chop,99.1:92.8:89.6:49.6:32.8,intimidate:blaze,99.6:0.4,32 HP / 14 Def / 20 SpD:32 HP / 32 Atk / 2 Spe:32 HP / 11 Def / 16 SpD / 7 Spe:32 HP / 32 Atk / 2 Def:32 HP / 5 Atk / 7 Def / 16 SpD / 6 Spe,5.6:3.3:2.7:2.4:2.4,careful:adamant:impish:brave:sassy,37.2:26.9:19.7:6.0:3.6,sitrus berry:chople berry:shuca berry:leftovers:passho berry,56.1:17.3:7.1:6.4:2.8,,
2026-05-10,kingambit,4,sucker punch:kowtow cleave:protect:iron head:low kick,99.3:89.6:81.1:69.1:43.0,defiant:supreme overlord:pressure,92.1:7.8:0.1,32 HP / 32 Atk / 2 SpD:32 HP / 32 Atk / 2 Def:32 HP / 32 Atk / 2 Spe:32 HP / 26 Atk / 2 Def / 1 SpD / 5 Spe:2 HP / 32 Atk / 32 Spe,17.4:10.0:7.2:2.4:2.2,adamant:brave:impish:jolly:careful,80.9:16.2:0.7:0.6:0.5,chople berry:black glasses:focus sash:lum berry:sitrus berry,49.9:37.2:5.5:1.5:1.4,,
2026-05-10,basculegion,5,last respects:aqua jet:wave crash:flip turn:protect,99.7:87.2:85.5:65.2:33.5,adaptability:swift swim:mold breaker,84.8:15.0:0.2,2 HP / 32 Atk / 32 Spe:32 Atk / 2 Def / 32 Spe:32 Atk / 1 Def / 1 SpD / 32 Spe:32 Atk / 2 SpD / 32 Spe:20 HP / 32 Atk / 8 Def / 1 SpD / 5 Spe,39.3:21.5:4.3:4.2:2.4,adamant:jolly:brave:naughty:lonely,52.0:45.7:0.5:0.4:0.3,choice scarf:focus sash:mystic water:sitrus berry:colbur berry,59.8:13.6:12.9:7.3:1.9,,
2026-05-10,sinistcha,6,matcha gotcha:rage powder:trick room:life dew:protect,98.7:93.4:66.5:63.0:31.1,hospitality:heatproof,98.5:1.7,32 HP / 14 Def  / 20 SpD:32 HP / 4 Def / 30 SpD:31 HP / 7 Def / 28 SpD:32 HP / 2 Def / 32 SpD:32 HP / 32 Def / 2 SpD,11.3:6.4:5.6:5.6:3.2,bold:calm:sassy:modest:relaxed,37.5:30.4:10.7:9.9:5.0,sitrus berry:leftovers:kasib berry:colbur berry:occa berry,41.0:18.5:8.2:7.9:6.4,,
2026-05-10,aerodactyl,7,rock slide:tailwind:dual wingbeat:protect:wide guard,98.8:93.3:86.6:79.3:22.6,unnerv:pressure:rock head,95.9:2.7:1.3,2 HP / 32 Atk / 32 Spe:32 Atk / 2 Def / 32 Spe:32 Atk / 1 Def / 1 SpD / 32 Spe:32 Atk / 2 SpD / 32 Spe:32 HP / 8 Atk / 26 Spe,51.7:11.1:5.3:4.9:3.3,jolly:adamant:hasty:naive:naughty,90.0:8.0:0.5:0.4:0.2,focus sash:aerodactylite:king's rock:hard stone:lum berry,64.8:26.3:2.1:1.3:0.9,,
2026-05-10,charizard,8,protect:heat wave:solar beam:weather ball:air slash,92.3:84.8:77.7:50.5:20.7,blaze:solar power,66.8:33.2,2 HP / 32 SpA / 32 Spe:2 Def / 32 SpA / 32 Spe:6 HP / 16 Def / 30 SpA / 14 Spe:24 HP / 14 Def / 11 SpA / 17 Spe:6 HP / 16 Def / 31 SpA / 13 Spe,27.3:5.7:4.2:3.9:3.8,modest:timid:adamant:jolly:bold,56.9:28.7:10.1:2.0:0.4,charizardite y:charizardite x:choice scarf:charcoal:sitrus berry,86.3:12.1:0.2:0.1:0.1,,
2026-05-10,archaludon,9,flash cannon:electro shot:protect:draco meteor:dragon pulse,91.0:88.2:77.2:49.7:40.8,stamina:sturdy:stalwart,80.5:14.8:4.7,2 HP / 32 SpA / 32 Spe:32 HP / 1 Def / 5 SpA / 25 SpD / 3 Spe:32 SpA / 2 Def / 32 Spe:32 HP / 32 SpA / 2 SpD:32 HP / 32 SpA / 2 Spe,14.1:6.5:5.4:5.0:3.2,modest:timid:calm:bold:quiet,62.8:12.9:12.5:6.7:2.8,leftovers:sitrus berry:choice scarf:chople berry:white herb,60.5:8.4:7.8:6.3:5.2,,
2026-05-10,pelipper,10,hurricane:tailwind:weather ball:wide guard:protect,96.8:78.4:77.3:55.0:48.2,dizzle:keen eye:rain dish,99.8:0.1:0.1,2 HP / 32 SpA / 32 Spe:31 HP / 2 Def / 32 SpD / 1 Spe:32 SpA / 2 SpD / 32 Spe:32 HP / 32 SpA / 2 SpD:2 Def / 32 SpA / 32 Spe,30.2:6.2:4.1:3.9:3.0,modest:timid:bold:calm:quiet,39.3:29.0:19.6:5.5:3.9,focus sash:sitrus berry:leftovers:quick claw:mystic water,55.8:24.3:3.4:3.1:3.0,,
2026-05-18,basculegion,1,last respects:aqua jet:wave crash:protect:flip turn,99.6:93.7:73.4:50.8:45.3,adaptability:swift swim:mold breaker,93.2:6.7:0.1,2 HP / 32 Atk / 32 Spe:32 Atk / 2 Def / 32 Spe:32 Atk / 1 Def / 1 SpD / 32 Spe:32 Atk / 14 Def / 2 SpD / 18 Spe:4 HP / 28 Atk / 19 SpD / 15 Spe,31.4:27.1:4.8:3.6:3.2,adamant:jolly:brave:naive:naughty,56.0:42.9:0.4:0.2:0.1,choice scarf:focus sash:mystic water:colbur berry:sitrus berry,45.8:26.3:14.9:5.5:4.2,,
2026-05-18,garchomp,2,earthquake:dragon claw:rock slide:protect:stomping tantrum,85.3:74.6:74.3:64.9:41.7,rough skin:sand veil,97.3:2.7,2 HP / 32 Atk / 32 Spe:32 Atk / 2 Def / 32 Spe:10 HP / 30 Atk / 4 Def / 22 Spe:20 HP / 20 Atk / 1 SpD / 25 Spe:32 Atk / 1 Def / 1 SpD / 32 Spe,24.6:3.8:3.7:3.6:3.3,adamant:jolly:modest:brave:impish,67.9:30.6:0.3:0.3:0.3,sitrus berry:choice scarf:soft sand:dragon fang:roseli berry,31.6:22.0:8.0:6.0:6.0,,
2026-05-18,kingambit,3,sucker punch:kowtow cleave:protect:iron head:low kick,99.2:95.6:74.4:70.2:50.0,defiant:supreme overlord:pressure,88.6:11.3:0.1,32 HP / 32 Atk / 2 SpD:32 HP / 32 Atk / 2 Spe:32 HP / 32 Atk / 2 Def:2 HP / 32 Atk / 32 Spe:32 HP / 31 Atk / 3 Def,13.6:9.6:9:4.9:3.7,adamant:brave:jolly:impish:careful,81.7:16.6:0.4:0.4:0.3,chople berry:black glasses:focus sash:sitrus berry:leftovers,61.4:27.9:7.3:0.7:0.5,,
2026-05-18,charizard,4,protect:heat wave:solar beam:weather ball:air slash,95.3:91.8:86.4:70.7:13.4,blaze:solar power,75.4:24.6,2 HP / 32 SpA / 32 Spe:24 HP / 14 Def / 11 SpA / 17 Spe:2 Def / 32 SpA / 32 Spe:32 HP / 10 Def / 11 SpA / 13 Spe:16 HP / 25 Def / 11 SpA / 14 Spe,20.6:6:5.7:5.3:3.6,modest:timid:adamant:jolly:quiet,72.8:20.0:5.0:1.1:0.3,charizardite y:charizardite x:choice scarf:charcoal:sitrus berry,92.6:6.1:0.2:0.1:0.0,,
2026-05-18,sneasler,5,close combat:dire claw:fake out:protect:coaching,99.5:97.2:88.7:67.2:10.1,unburden:poison touch:pressure,91.4:8.5:0.1,2 HP / 32 Atk / 32 Spe:32 Atk / 2 Def / 32 Spe:32 Atk / 2 SpD / 32 Spe:1 HP / 32 Atk / 1 Def / 32 Spe:20 HP / 31 Def / 15 Spe,44.2:14.8:4.8:3.4:2,jolly:adamant:impish:naive:lonely,49.2:48.5:0.5:0.4:0.3,white herb:focus sash:sitrus berry:lum berry:black belt,75.5:20.2:0.7:0.7:0.6,,
2026-05-18,whimsicott,6,tailwind:moonblast:encore:protect:sunny day,98.3:93.6:85.1:56.3:19.6,prankster:chlorophyll:infiltrator,99.4:0.4:0.3,2 HP / 32 SpA / 32 Spe:32 HP / 15 Def / 19 SpD:14 HP / 32 SpA / 20 Spe:32 HP / 17 Def / 6 SpA / 8 SpD / 3 Spe:6 HP / 11 Def / 30 SpA / 19 Spe,24.5:11.4:5.8:4.9:3.4,timid:bold:modest:calm:sassy,53.5:27.4:15.1:2.8:0.3,focus sash:fairy feather:coba berry:sitrus berry:mental herb,41.3:32.6:8.7:5.3:5.2,,
2026-05-18,sylveon,7,hyper voice:quick attack:detect:hyper beam:protect,99.8:72.1:56.9:49.8:39.1,pixilate:cute charm,99.9:0.1,32 HP / 2 Def / 32 SpA:9 HP / 22 Def / 20 SpA / 15 Spe:32 HP / 32 SpA / 2 Spe:32 HP / 22 Def / 10 SpA / 2 Spe:31 HP / 3 Def / 32 SpA,14.6:11.6:5.5:2.3:1.9,modest:quiet:bold:timid:calm,73.1:23.0:2.2:0.9:0.3,fairy feather:sitrus berry:quick claw:leftovers:kebia berry,89.2:3.8:2.8:2.5:0.4,,
2026-05-18,farigiraf,8,trick room:psychic:helping hand:protect:hyper voice,99.6:65.4:58.7:47.5:34.8,armor tail:cud chew:sap sipper,99.7:0.2:0.1,32 HP / 27 Def / 7 SpD:32 HP / 23 Def / 11 SpD:17 HP / 19 Def / 10 SpA / 20 SpD:31 HP / 24 Def / 11 SpD:32 HP / 20 Def / 14 SpD,6.7:6.6:6.4:4.3:4.3,bold:quiet:modest:relaxed:sassy,27.7:19.8:15.5:13.4:13.3,sitrus berry:colbur berry:mental herb:leftovers:focus sash,50.9:33.3:6.4:3.3:2.4,,
2026-05-18,incineroar,9,fake out:parting shot:flare blitz:throat chop:darkest lariat,99.0:91.8:80.6:41.0:40.6,intimidate:blaze,99.4:0.6,32 HP / 14 Def / 20 SpD:32 HP / 16 Def / 18 SpD:32 HP / 32 Def / 2 SpD:32 HP / 32 Atk / 2 Spe:32 HP / 32 Atk / 2 SpD,7.5:4.3:3.1:2.8:2.6,careful:impish:adamant:sassy:brave,31.8:21.7:21.16:7.9:7.3,sitrus berry:chople berry:passho berry:leftovers:shuca berry,46.7:19.7:12.8:6.9:5.0,,
2026-05-18,aerodactyl,10,rock slide:tailwind:dual wingbeat:protect:wide guard,99.2:87.0:84.5:73.2:29.8,unnerve:pressure:rock head,97.5:1.5:1.0,2 HP / 32 Atk / 32 Spe:32 Atk / 2 Def / 32 Spe:12 HP / 12 Atk / 9 Def / 1 SpD / 32 Spe:32 Atk / 1 Def / 1 SpD / 32 Spe:20 HP / 13 Atk / 1 Def / 32 Spe,41.4:8.4:6.5:5.2:4.2,jolly:adamant:hasty:impish:naive,93.0:5.5:0.3:0.3:0.2,aerodactylite:focus sash:king's rock:hard stone:sitrus berry,53.1:40.8:1.5:1.4:0.5,,
2026-05-24,basculegion,1,last respects:aqua jet:wave crash:protect:flip turn,99.7:92.8:72.9:52.8:43.8,adaptability:swift swim:mold breaker,93.8:6.0:0.1,2 HP / 32 Atk / 32 Spe:32 Atk / 2 Def / 32 Spe:32 Atk / 14 Def / 2 SpD / 18 Spe:32 Atk / 1 Def / 1 SpD / 32 Spe:32 Atk / 2 SpD / 32 Spe,30.4:26.7:8.1:4.1:2.3,adamant:jolly:brave:naive:lonely,57.6:41.1:0.4:0.2:0.1,choice scarf:focus sash:mystic water:colbur berry:sitrus berry,43.4:26.7:19.4:4.1:3.4,,
2026-05-24,garchomp,2,earthquake:rock slide:dragon claw:protect:stomping tantrum,85.4:76.8:76.4:60.8:36.5,rough skin:sand veil,96.9:3.1,2 HP / 32 Atk / 32 Spe:10 HP / 30 Atk / 4 Def / 22 Spe:32 Atk / 2 Def / 32 Spe:32 Atk / 2 SpD / 32 Spe:32 Atk / 1 Def / 1 SpD / 32 Spe,25.4:9.3:3.9:3.1:2.5,adamant:jolly:impish:brave:modest,59.8:38.4:0.4:0.3:0.3,sitrus berry:choice scarf:soft sand:roseli berry:dragon fang,35.5:20.4:8.1:5.9:4.7,,
2026-05-24,kingambit,3,sucker punch:kowtow cleave:protect:iron head:low kick,99.2:95.8:74.9:68.5:51.3,defiant:supreme overlord:pressure,87.8:12.1:0.1,32 HP / 32 Atk / 2 Spe:32 HP / 32 Atk / 2 SpD:32 HP / 32 Atk / 2 Def:2 HP / 32 Atk / 32 Spe:32 HP / 27 Atk / 7 SpD,15.6:14.2:9:4:4,adamant:brave:impish:jolly:careful,81.5:16.6:0.5:0.5:0.4,chople berry:black glasses:focus sash:sitrus berry:leftovers,62.2:27.4:7.0:0.7:0.6,,
2026-05-24,charizard,4,protect:heat wave:solar beam:weather ball:air slash,95.0:91.6:85.5:69.6:13.2,blaze:solar power,74.6:25.4,2 HP / 32 SpA / 32 Spe:14 HP / 28 Def / 11 SpA / 13 Spe:2 Def / 32 SpA / 32 Spe:24 HP / 14 Def / 11 SpA / 17 Spe:16 HP / 25 Def / 11 SpA / 14 Spe,20.6:8.1:5.2:4.2:3.7,modest:timid:adamant:jolly:bold,72.8:19.6:5.0:1.3:0.3,charizardite y:charizardite x:charcoal:choice scarf:focus sash,92.4:6.3:0.3:0.1:0.1,,
2026-05-24,sneasler,5,close combat:dire claw:fake out:protect:coaching,99.5:97.4:89.3:65.0:10.6,unburden:poison touch:pressure,90.8:9.0:0.2,2 HP / 32 Atk / 32 Spe:32 Atk / 2 Def / 32 Spe:32 Atk / 2 SpD / 32 Spe:1 HP / 32 Atk / 1 Def / 32 Spe:15 HP / 18 Atk / 1 SpD / 32 Spe,44.6:15.2:5.4:3.1:1.9,jolly:adamant:impish:naive:naughty,51.3:46.4:0.5:0.5:0.4,white herb:focus sash:lum berry:sitrus berry:mental herb,76.0:19.4:0.9:0.8:0.5,,
2026-05-24,whimsicott,6,tailwind:moonblast:encore:protect:sunny day,98.5:92.8:85.6:60.9:16.2,prankster:chlorophyll:infiltrator,99.2:0.4:0.3,2 HP / 32 SpA / 32 Spe:14 HP / 32 SpA / 20 Spe:32 HP / 15 Def / 19 SpD:32 HP / 17 Def / 6 SpA / 8 SpD / 3 Spe:32 SpA / 2 SpD / 32 Spe,24.4:14:7.2:4.3:2.9,timid:bold:modest:calm:hasty,59.2:20.8:15.4:3.1:0.4,focus sash:fairy feather:coba berry:mental herb:sitrus berry,39.2:36.6:7.1:5.1:4.7,,
2026-05-24,farigiraf,7,trick room:psychic:helping hand:protect:hyper voice,91.0:64.6:58.9:45.8:31.7,armor tail:cud chew:sap sipper,99.6:0.3:0.1,17 HP / 19 Def / 10 SpA / 20 SpD:32 HP / 23 Def / 11 SpD:32 HP / 27 Def / 7 SpD:32 HP / 20 Def / 14 SpD:31 HP / 24 Def / 11 SpD,9.1:7.6:5.1:4.2:3.7,bold:quiet:modest:relaxed:sassy,27.3:21.2:18.7:14.2:12.1,sitrus berry:colbur berry:mental herb:leftovers:focus sash,50.7:32.7:6.7:3.8:2.1,,
2026-05-24,incineroar,8,fake out:parting shot:flare blitz:throat chop:darkest lariat,98.8:91.9:78.6:44.0:38.6,intimidate:blaze,99.4:0.6,32 HP / 14 Def / 20 SpD:32 HP / 16 Def / 18 SpD:32 HP / 32 Def / 2 SpD:32 HP / 8 Atk / 9 Def / 11 SpD / 6 Spe:32 HP / 32 Atk / 2 Spe,7:6.9:2.8:2.7:2.5,careful:adamant:impish:sassy:brave,33.0:20.8:20.3:10.0:6.8,sitrus berry:chople berry:passho berry:leftovers:shuca berry,44.6:19.9:15.1:7.0:4.5,,
2026-05-24,sylveon,9,hyper voice:quick attack:detect:hyper beam:protect,99.7:71.9:55.3:52.4:39.8,pixilate:cute charm,99.9:0.1,32 HP / 2 Def / 32 SpA:9 HP / 22 Def / 20 SpA / 15 Spe:32 HP / 32 SpA / 2 Spe:11 HP / 27 Def / 20 SpA / 8 Spe:6 HP / 32 SpA / 28 Spe,15.2:8.3:5.4:3.9:3,modest:quiet:bold:timid:calm,74.3:21.2:2.1:1.1:0.4,fairy feather:sitrus berry:leftovers:quick claw:choice scarf,89.5:3.3:2.8:2.4:0.4,,
2026-05-24,archaludon,10,flash cannon:electro shot:protect:dragon pulse:draco meteor,90.5:83.0:79.0:50.8:39.7,stamina:sturdy:stalwart,81.5:16.6:1.9,2 HP / 32 SpA / 32 Spe:32 HP / 1 Def / 5 SpA / 25 SpD / 3 Spe:32 HP / 32 SpA / 2 SpD:32 HP / 5 SpA / 29 SpD:32 SpA / 2 SpD / 32 Spe,16.4:7.7:2.9:2.7:2.5,modest:calm:bold:timid:quiet,63.2:14.8:9.5:8.8:2.0,leftovers:choice scarf:white herb:chople berry:sitrus berry,68.1:10.6:5.4:4.7:4.5,,
2026-05-31,basculegion,1,last respects:aqua jet:wave crash:protect:flip turn,99.8:92.2:73.2:51.6:45.2,adaptability:swift swim:mold breaker,93.7:6.1:0.1,2 HP / 32 Atk / 32 Spe:32 Atk / 2 Def / 32 Spe:32 Atk / 14 Def / 2 SpD / 18 Spe:32 Atk / 1 Def / 1 SpD / 32 Spe:32 Atk / 2 SpD / 32 Spe,32.3:25.7:7.8:3.7:2.4,adamant:jolly:brave:naive:naughty,56.9:41.7:0.5:0.2:0.2,choice scarf:focus sash:mystic water:colbur berry:sitrus berry,43.8:26.6:19.8:3.4:3.3,,
2026-05-31,garchomp,2,earthquake:dragon claw:rock slide:protect:stomping tantrum,85.5:76.6:76.6:60.5:34.4,rough skin:sand veil,96.5:3.5,2 HP / 32 Atk / 32 Spe:10 HP / 30 Atk / 4 Def / 22 Spe:32 Atk / 2 Def / 32 Spe:32 Atk / 2 SpD / 32 Spe:32 Atk / 1 Def / 1 SpD / 32 Spe,27.1:9.1:3.8:3.3:2.1,adamant:jolly:brave:impish:careful,57.3:40.6:0.4:0.4:0.2,sitrus berry:choice scarf:soft sand:roseli berry:lum berry,34.0:19.6:7.8:6.8:5.2,,
2026-05-31,kingambit,3,sucker punch:kowtow cleave:protect:iron head:low kick,99.1:95.9:74.2:69.2:50.1,defiant:supreme overlord:pressure,87.7:12.3:0.1,32 HP / 32 Atk / 2 Spe:32 HP / 32 Atk / 2 SpD:32 HP / 32 Atk / 2 Def:2 HP / 32 Atk / 32 Spe:32 HP / 27 Atk / 7 SpD,15.8:15:9.7:3.6:3.3,adamant:brave:impish:jolly:careful,80.9:16.9:0.6:0.5:0.4,chople berry:black glasses:focus sash:sitrus berry:leftovers,61.4:27.8:7.1:0.7:0.6,,
2026-05-31,charizard,4,protect:heat wave:solar beam:weather ball:air slash,94.2:89.3:83.4:66.3:13.6,blaze:solar power,74.2:25.8,2 HP / 32 SpA / 32 Spe:14 HP / 28 Def / 11 SpA / 13 Spe:2 Def / 32 SpA / 32 Spe:24 HP / 14 Def / 11 SpA / 17 Spe:16 HP / 25 Def / 11 SpA / 14 Spe,20.8:8.6:5.1:3.5:3.1,modest:timid:adamant:jolly:bold,70.3:19.9:6.3:1.6:0.4,Charizardite Y:Charizardite X:Charcoal:Choice Scarf:Focus Sash,90.3:8.3:0.3:0.2:0.1,,
2026-05-31,sneasler,5,close combat:dire claw:fake out:protect:coaching,99.4:97.6:89.4:64.5:11.4,unburden:poison touch:pressure,90.5:9.3:0.2,2 HP / 32 Atk / 32 Spe:32 Atk / 2 Def / 32 Spe:32 Atk / 2 SpD / 32 Spe:1 HP / 32 Atk / 1 Def / 32 Spe:20 HP / 31 Def / 15 Spe,43.8:14.5:5.7:3.5:2,jolly:adamant:impish:naive:naughty,51.3:46.2:0.5:0.5:0.4,white herb:focus sash:lum berry:sitrus berry:king's rock,76.9:18.5:0.9:0.8:0.5,,
2026-05-31,whimsicott,6,Tailwind:Moonblast:Encore:Protect:Sunny Day,98.3:91.6:85.3:61.4:14.7,prankster:chlorophyll:infiltrator,99.1:0.5:0.4,2 HP / 32 SpA / 32 Spe:14 HP / 32 SpA / 20 Spe:32 HP / 15 Def / 19 SpD:32 HP / 17 Def / 6 SpA / 8 SpD / 3 Spe:32 SpA / 2 SpD / 32 Spe,25.8:13.6:5.6:3.5:3.1,timid:bold:modest:calm:hasty,61.2:17.4:16.1:3.5:0.7,focus sash:fairy feather:coba berry:mental herb:sitrus berry,42.0:33.5:7.4:5.3:4.3,,
2026-05-31,incineroar,7,fake out:parting shot:flare blitz:throat chop:darkest lariat,98.8:91.5:80.2:44.8:38.4,intimidate:blaze,99.5:0.5,32 HP / 14 Def / 20 SpD:32 HP / 16 Def / 18 SpD:32 HP / 8 Atk / 9 Def / 11 SpD / 6 Spe:32 HP / 32 Atk / 2 Spe:32 HP / 32 Def / 2 SpD,6.8:6.6:3.8:2.6:2.5,careful:adamant:impish:sassy:brave,34.5:21.0:19.9:9.1:6.8,sitrus berry:chople berry:passho berry:leftovers:shuca berry,45.0:19.7:14.6:6.8:4.4,,
2026-05-31,farigiraf,8,trick room:psychic:helping hand:protect:hyper voice,91.5:63.5:56.7:45.5:31.0,armor tail:cud chew:sap sipper,99.5:0.4:0.1,17 HP / 19 Def / 10 SpA / 20 SpD:32 HP / 23 Def / 11 SpD:32 HP / 27 Def / 7 SpD:32 HP / 20 Def / 14 SpD:32 HP / 2 Def / 32 SpA,8.9:6.5:4.7:4.1:3.5,bold:quiet:modest:relaxed:sassy,25.8:20.9:18.4:15.5:12.6,sitrus berry:colbur berry:mental herb:leftovers:focus sash,50.7:31.9:6.9:4.1:2.2,,
2026-05-31,sinistcha,9,matcha gotcha:rage powder:trick room:life dew:protect,97.6:94.1:64.7:62.7:44.2,hospitality:heatproof,98.7:1.3,32 HP / 14 Def / 20 SpD:32 HP / 4 Def / 30 SpD:32 HP / 16 Def / 18 SpD:31 HP / 7 Def / 28 SpD:32 HP / 2 Def / 32 SpD,16.8:6.6:6.2:5.4:5.3,bold:calm:relaxed:sassy:modest,38.1:23.6:13.5:11.0:8.4,sitrus berry:kasib berry:leftovers:colbur berry:occa berry,31.1:26.3:13.3:11.7:4.1,,
2026-05-31,sylveon,10,hyper voice:quick attack:detect:hyper beam:protect,99.7:71.5:54.7:53.8:39.7,pixilate:cute charm,99.9:0.1,32 HP / 2 Def / 32 SpA:9 HP / 22 Def / 20 SpA / 15 Spe:32 HP / 32 SpA / 2 Spe:6 HP / 32 SpA / 28 Spe:11 HP / 27 Def / 20 SpA / 8 Spe,14.9:6.8:5.5:4.5:4.1,modest:quiet:bold:timid:calm,74.4:20.7:2.2:1.2:0.5,fairy feather:sitrus berry:leftovers:quick claw:choice scarf,89.6:3.0:2.8:2.5:0.4,,
2026-06-07,basculegion,1,last respects:aqua jet:wave crash:protect:flip turn,99.8:91.8:74.0:50.8:46.0,adaptability:swift swim:mold breaker,93.6:6.2:0.2,2 HP / 32 Atk / 32 Spe:32 Atk / 2 Def / 32 Spe:32 Atk / 14 Def / 2 SpD / 18 Spe:32 Atk / 1 Def / 1 SpD / 32 Spe:32 Atk / 2 SpD / 32 Spe,,adamant:jolly:brave:naive:naughty,55.7:42.6:0.5:0.2:0.2,choice scarf:focus sash:mystic water:sitrus berry:colbur berry,44.8:25.4:20.0:3.3:3.1,,
2026-06-07,garchomp,2,earthquake:rock slide:dragon claw:protect:stomping tantrum,85.7:77.3:77.1:59.9:33.9,rough skin:sand veil,96.1:3.9,2 HP / 32 Atk / 32 Spe:10 HP / 30 Atk / 4 Def / 22 Spe:32 Atk / 2 Def / 32 Spe:32 Atk / 2 SpD / 32 Spe:32 Atk / 1 Def / 1 SpD / 32 Spe,28.6:8.1:3.9:3.5:2.0,adamant:jolly:brave:impish:careful,56.8:40.8:0.5:0.4:0.3,sitrus berry:choice scarf:roseli berry:soft sand:lum berry,32.3:20.3:7.4:7.4:5.3,,
2026-06-07,kingambit,3,sucker punch:kowtow cleave:protect:iron head:low kick,99.0:95.8:74.2:70.1:48.2,defiant:supreme overlord:pressure,87.7:12.2:0.1,32 HP / 32 Atk / 2 SpD:32 HP / 32 Atk / 2 Spe:32 HP / 32 Atk / 2 Def:2 HP / 32 Atk / 32 Spe:32 HP / 27 Atk / 7 SpD,15.5:15.4:10.2:3.5:2.9,adamant:brave:impish:jolly:careful,80.8:16.9:0.6:0.5:0.5,chople berry:black glasses:focus sash:sitrus berry:leftovers,60.1:28.7:7.2:0.8:0.6,,
2026-06-07,sneasler,4,close combat:dire claw:fake out:protect:coaching,99.3:97.6:90.1:64.6:12.2,unburden:poison touch:pressure,90.1:9.7:0.2,2 HP / 32 Atk / 32 Spe:32 Atk / 2 Def / 32 Spe:32 Atk / 2 SpD / 32 Spe:1 HP / 32 Atk / 1 Def / 32 Spe:20 HP / 31 Def / 15 Spe,,jolly:adamant:naive:impish:naughty,52.2:45.2:0.5:0.5:0.5,white herb:focus sash:lum berry:sitrus berry:mental herb,77.1:18.4:1.0:0.7:0.5,,
2026-06-07,charizard,5,protect:heat wave:solar beam:weather ball:air slash,93.5:88.1:82.4:64.6:13.9,blaze:solar power,73.7:26.3,2 HP / 32 SpA / 32 Spe:14 HP / 28 Def / 11 SpA / 13 Spe:2 Def / 32 SpA / 32 Spe:24 HP / 14 Def / 11 SpA / 17 Spe:16 HP / 25 Def / 11 SpA / 14 Spe,,modest:timid:adamant:jolly:bold,68.2:20.6:7.3:1.7:0.4,charizardite y:charizardite x:charcoal:choice scarf:focus sash,89.2:9.3:0.3:0.2:0.1,,
2026-06-07,incineroar,6,fake out:parting shot:flare blitz:throat chop:darkest lariat,98.7:91.8:82.0:45.3:38.2,intimidate:blaze,99.5:0.5,32 HP / 14 Def / 20 SpD:32 HP / 16 Def / 18 SpD:32 HP / 8 Atk / 9 Def / 11 SpD / 6 Spe:32 HP / 32 Atk / 2 Spe:32 HP / 32 Atk / 2 SpD,6.9:5.9:3.2:2.5:2.3,careful:adamant:impish:sassy:brave,36.0:21.3:19.7:8.0:6.4,sitrus berry:chople berry:passho berry:leftovers:shuca berry,46.4:19.0:14.3:6.4:4.1,,
2026-06-07,whimsicott,7,tailwind:moonblast:encore:protect:sunny day,98.2:91.0:84.7:60.7:14.2,prankster:chlorophyll:infiltrator,99.0:0.5:0.5,2 HP / 32 SpA / 32 Spe:14 HP / 32 SpA / 20 Spe:32 HP / 15 Def / 19 SpD:32 SpA / 2 SpD / 32 Spe:32 HP / 17 Def / 6 SpA / 8 SpD / 3 Spe,27.3:12.2:5.0:3.3:3.0,timid:bold:modest:calm:hasty,61.8:16.3:16.3:3.7:0.7,focus sash:fairy feather:coba berry:mental herb:sitrus berry,44.6:31.1:7.0:5.3:4.2,,
2026-06-07,sinistcha,8,matcha gotcha:rage powder:trick room:life dew:protect,98.1:94.4:65.5:59.3:47.9,hospitality:heatproof,98.8:1.2,32 HP / 14 Def / 20 SpD:32 HP / 4 Def / 30 SpD:32 HP / 2 Def / 32 SpD:32 HP / 16 Def / 18 SpD:31 HP / 7 Def / 28 SpD,18.2:6.2:5.3:5.2:4.8,bold:calm:relaxed:sassy:modest,38.9:23.5:13.7:10.2:8.5,sitrus berry:kasib berry:leftovers:colbur berry:occa berry,32.7:26.5:13.2:10.9:4.0,,
2026-06-07,farigiraf,9,trick room:psychic:helping hand:protect:hyper voice,91.6:62.2:55.4:45.3:31.2,armor tail:cud chew:sap sipper,99.4:0.4:0.1,17 HP / 19 Def / 10 SpA / 20 SpD:32 HP / 23 Def / 11 SpD:32 HP / 27 Def / 7 SpD:32 HP / 20 Def / 14 SpD:32 HP / 2 Def / 32 SpA,8.7:5.8:4.2:4.0:3.5,bold:quiet:modest:relaxed:sassy,25.1:20.7:18.2:16.2:12.5,sitrus berry:colbur berry:mental herb:leftovers:focus sash,49.6:31.4:7.3:4.5:2.2,,
2026-06-07,sylveon,10,hyper voice:quick attack:detect:hyper beam:protect,99.6:70.1:54.2:53.2:39.6,pixilate:cute charm,99.9:0.1,32 HP / 2 Def / 32 SpA:9 HP / 22 Def / 20 SpA / 15 Spe:32 HP / 32 SpA / 2 Spe:6 HP / 32 SpA / 28 Spe:11 HP / 27 Def / 20 SpA / 8 Spe,14.8:6.0:5.8:4.4:3.7,modest:quiet:bold:timid:calm,74.4:20.3:2.3:1.4:0.5,fairy feather:sitrus berry:leftovers:quick claw:choice scarf,89.2:3.0:2.9:2.6:0.5,,
2026-06-15,basculegion,1,last respects:aqua jet:wave crash:protect:flip turn,99.8:91.5:75.2:51.1:45.7,adaptability:swift swim:mold breaker,93.5:6.3:0.2,2 HP / 32 Atk / 32 Spe:32 Atk / 2 Def / 32 Spe:32 Atk / 14 Def / 2 SpD / 18 Spe:32 Atk / 1 Def / 1 SpD / 32 Spe:32 Atk / 2 SpD / 32 Spe,33.4:24:6.3:3.5:2.7,adamant:jolly:brave:naive:naughty,56:42.3:0.5:0.2:0.2,,,,
2026-06-15,garchomp,2,earthquake:rock slide:dragon claw:protect:stomping tantrum,84.8:78.2:77.5:59:34.3,rough skin:sand veil,96:4,2 HP / 32 Atk / 32 Spe:10 HP / 30 Atk / 4 Def / 22 Spe:32 Atk / 2 Def / 32 Spe:32 Atk / 2 SpD / 32 Spe:4 HP / 30 Atk / 32 Spe,29.3:7.1:3.9:3.6:2.4,adamant:jolly:brave:impish:careful,55.5:42:0.5:0.4:0.3,sitrus berry:choice scarf:roseli berry:soft sand:lum berry,30.5:20.3:9.5:7.3:5.2,,
2026-06-15,kingambit,3,sucker punch:kowtow cleave:protect:iron head:low kick,98.9:95.7:74.3:70.9:45.6,defiant:supreme overlord:pressure,88.1:11.8:0.1,32 HP / 32 Atk / 2 SpD:32 HP / 32 Atk / 2 Spe:32 HP / 32 Atk / 2 Def:2 HP / 32 Atk / 32 Spe:32 HP / 27 Atk / 7 SpD,15.9:14.7:10.2:3.5:2.5,adamant:brave:impish:jolly:careful,81.2:16.4:0.6:0.5:0.5,chople berry:black glasses:focus sash:occa berry:sitrus berry,56.8:30.2:7.5:2:0.9,,
2026-06-15,sneasler,4,close combat:dire claw:fake out:protect:coaching,99.2:97.2:90.6:64.2:12.6,unburden:poison touch:pressure,89.5:10.2:0.2,2 HP / 32 Atk / 32 Spe:32 Atk / 2 Def / 32 Spe:32 Atk / 2 SpD / 32 Spe:1 HP / 32 Atk / 1 Def / 32 Spe:20 HP / 31 Def / 15 Spe,45.4:13.4:5.8:3.3:1.9,jolly:adamant:naive:impish:naughty,52.6:44.5:0.6:0.5:0.5,white herb:focus sash:lum berry:sitrus berry:mental herb,76.5:18.9:1:0.8:0.5,,
2026-06-15,charizard,5,protect:heat wave:solar beam:weather ball:air slash,93.1:87.7:82.4:64.2:13.6,blaze:solar power,73.9:26.1,2 HP / 32 SpA / 32 Spe:14 HP / 28 Def / 11 SpA / 13 Spe:2 Def / 32 SpA / 32 Spe:24 HP / 14 Def / 11 SpA / 17 Spe:16 HP / 25 Def / 11 SpA / 14 Spe,22.2:6.9:5.1:3:2.5,modest:timid:adamant:jolly:bold,67.5:20.8:7.7:1.7:0.6,charizardite y:charizardite x:charcoal:choice scarf:focus sash,88.9:9.6:0.2:0.2:0.1,,
2026-06-15,incineroar,6,fake out:parting shot:flare blitz:throat chop:darkest lariat,98.8:92.2:83.1:44.5:37,intimidate:blaze,99.6:0.4,32 HP / 14 Def / 20 SpD:32 HP / 16 Def / 18 SpD:32 HP / 8 Atk / 9 Def / 11 SpD / 6 Spe:32 HP / 32 Atk / 2 Spe:32 HP / 32 Atk / 2 Def,7.1:5.3:2.6:2.4:2.3,careful:adamant:impish:sassy:brave,36.6:20.8:19.5:8.7:5.9,sitrus berry:chople berry:passho berry:leftovers:shuca berry,46.9:19.4:14.1:6.1:4,,
2026-06-15,sinistcha,7,matcha gotcha:rage powder:trick room:life dew:protect,98.3:94.5:65.5:57.5:50.3,hospitality:heatproof,98.9:1.1,32 HP / 14 Def / 20 SpD:32 HP / 4 Def / 30 SpD:32 HP / 2 Def / 32 SpD:32 HP / 16 Def / 18 SpD:31 HP / 7 Def / 28 SpD,18:6.1:5.2:4.7:4.3,bold:calm:relaxed:sassy:modest,38.5:24.6:13.8:9.6:8.4,sitrus berry:kasib berry:leftovers:colbur berry:occa berry,31.4:26.9:12.9:12.3:4,,
2026-06-15,whimsicott,8,tailwind:moonblast:encore:protect:sunny day,98.1:90.7:84.6:60.7:13.8,prankster:chlorophyll:infiltrator,99:0.6:0.5,2 HP / 32 SpA / 32 Spe:14 HP / 32 SpA / 20 Spe:32 HP / 15 Def / 19 SpD:32 SpA / 2 SpD / 32 Spe:32 HP / 17 Def / 6 SpA / 8 SpD / 3 Spe,30.2:10.6:4.5:3.5:2.6,timid:modest:bold:calm:hasty,62.7:16:15.4:3.7:0.7,focus sash:fairy feather:coba berry:mental herb:sitrus berry,48.7:27.8:6.1:5.2:3.9,,
2026-06-15,farigiraf,9,trick room:psychic:helping hand:protect:hyper voice,91.7:61.2:54.4:44.6:30.9,armor tail:cud chew:sap sipper,99.4:0.4:0.1,17 HP / 19 Def / 10 SpA / 20 SpD:32 HP / 23 Def / 11 SpD:32 HP / 20 Def / 14 SpD:32 HP / 27 Def / 7 SpD:32 HP / 2 Def / 32 SpA,8.5:5.3:3.9:3.8:3.6,bold:quiet:modest:relaxed:sassy,24.9:20.4:18.1:16.6:12.5,sitrus berry:colbur berry:mental herb:leftovers:focus sash,49.6:30.6:7.3:4.7:2.4,,
2026-06-15,archaludon,10,flash cannon:electro shot:protect:dragon pulse:draco meteor,89.9:85.2:80.1:53.5:35.6,stamina:sturdy:stalwart,85.7:12.6:1.7,2 HP / 32 SpA / 32 Spe:32 HP / 1 Def / 5 SpA / 25 SpD / 3 Spe:32 HP / 32 SpA / 2 SpD:32 HP / 2 Def / 32 SpD:32 HP / 2 SpA / 32 SpD,13.5:6.5:3.4:2.7:2.7,modest:calm:bold:timid:quiet,64.3:15.2:8.2:7.8:2.2,leftovers:choice scarf:sitrus berry:chople berry:white herb,70.4:7.4:5.3:4.8:4.6,,
2026-06-22,garchomp,1,dragon claw:rock slide:earthquake:protect:stomping tantrum,89.0:83.1:78.0:71.0:34.5,rough skin:sand veil,97.8:2.2,2 HP / 32 Atk / 32 Spe:30 Atk / 4 Def / 32 Spe:32 Atk / 2 Def / 32 Spe:32 Atk / 2 SpD / 32 Spe:14 HP / 20 Atk / 32 Spe,45.2:6.4:4.6:4.3:1.6,jolly:adamant:brave:naughty:impish,65.4:32.5:0.4:0.3:0.3,life orb:choice scarf:sitrus berry:roseli berry:soft sand,55.5:11.5:10.3:9.7:2.4,,
2026-06-22,whimsicott,2,tailwind:moonblast:encore:protect:charm,98.3:90.2:67.7:46.6:20.0,prankster:chlorophyll:infiltrator,99.5:0.3:0.2,2 HP / 32 SpA / 32 Spe:32 SpA / 2 SpD / 32 Spe:2 Def / 32 SpA / 32 Spe:32 SpA / 32 Spe:32 HP / 2 SpA / 32 Spe,57.4:4.1:3.5:2:1.6,timid:modest:bold:calm:quiet,78.9:10.1:6.4:3.2:0.4,focus sash:fairy feather:mental herb:sitrus berry:coba berry,83.5:5.1:2.6:2.1:1.5,,
2026-06-22,basculegion,3,last respects:aqua jet:wave crash:protect:flip turn,99.9:91.5:87.7:53.7:44.0,adaptability:swift swim:mold breaker,92:7.8:0.3,2 HP / 32 Atk / 32 Spe:32 Atk / 2 Def / 32 Spe:4 HP / 31 Atk / 11 Def / 20 Spe:32 Atk / 2 SpD / 32 Spe:20 Atk / 14 Def / 32 Spe,36.3:16:6.7:3.7:1.8,adamant:jolly:brave:naughty:lonely,59.7:38:0.6:0.4:0.4,choice scarf:mystic water:life orb:focus sash:sitrus berry,43.7:21.4:14.8:12.5:4.5,,
2026-06-22,sinistcha,4,Matcha Gotcha:Rage Powder:Trick Room:Life Dew:Protect,98.8:97.0:57.9:55.5:52.0,hospitality:heatproof,99.4:0.6,32 HP / 14 Def / 20 SpD:32 HP / 4 Def / 30 SpD:32 HP / 2 Def / 32 SpD:32 HP / 24 Def / 10 SpD:31 HP / 14 Def / 21 SpD,19.6:8.7:5:4.1:3.6,bold:calm:relaxed:sassy:modest,45.3:24.9:9.8:7.9:7.8,sitrus berry:kasib berry:leftovers:colbur berry:coba berry,33.9:24.9:12.6:8.6:7.5,,
2026-06-22,incineroar,5,fake out:parting shot:flare blitz:throat chop:darkest lariat,99.4:95.1:91.8:42.1:39.5,intimidate:blaze,99.5:0.5,32 HP / 14 Def / 20 SpD:32 HP / 32 Atk / 2 SpD:32 HP / 32 Atk / 2 Def:32 HP / 14 Def / 15 SpD / 5 Spe:32 HP / 16 Def / 18 SpD,8.1:3:2.9:2.7:2.4,careful:adamant:impish:brave:sassy,40.1:22.7:20.4:5.5:4.5,sitrus berry:chople berry:passho berry:leftovers:charcoal,62.7:11.5:10.4:5.7:2.8,,
2026-06-22,kingambit,6,sucker punch:kowtow cleave:iron head:protect:low kick,98.8:95.6:81.2:70.0:36.7,defiant:supreme overlord:pressure,91:8.8:0.2,32 HP / 32 Atk / 2 SpD:32 HP / 32 Atk / 2 Spe:32 HP / 32 Atk / 2 Def:2 HP / 32 Atk / 32 Spe:32 HP / 32 Atk / 1 SpD / 1 Spe,19.3:14.2:12.4:3.8:2.8,adamant:brave:impish:jolly:careful,83.1:13.5:0.8:0.6:0.5,chople berry:black glasses:focus sash:life orb:occa berry,38.9:30.9:11.4:8.6:3.8,,
2026-06-22,staraptor,7,close combat:brave bird:protect:roost:final gambit,95.3:85.5:82.4:74.3:14.3,intimidate:reckless,97.3:2.7,2 HP / 32 Atk / 32 Spe:32 HP / 2 Atk / 32 Spe:11 HP / 19 Atk / 4 Def / 32 Spe:32 Atk / 2 SpD / 32 Spe:32 HP / 2 SpD / 32 Spe,27.5:14.8:3.3:3.3:2.8,jolly:adamant:careful:impish:naive,76.1:20.2:1.7:0.5:0.3,starapite:choice scarf:focus sash:sitrus berry:life orb,86:13.3:0.1:0.1:0.1,,
2026-06-22,sneasler,8,close combat:dire claw:fake out:protect:coaching,98.9:95.3:94.7:62.7:16.5,unburden:poison touch:pressure,87:12.4:0.6,2 HP / 32 Atk / 32 Spe:32 Atk / 2 Def / 32 Spe:32 Atk / 2 SpD / 32 Spe:1 HP / 32 Atk / 1 Def / 32 Spe:4 HP / 16 Atk / 23 Def / 23 Spe,49.7:11.7:7.8:3.5:3.5,jolly:adamant:naive:naughty:lonely,59:36.3:1.2:0.8:0.7,white herb:focus sash:life orb:lum berry:sitrus berry,77.6:18.6:0.8:0.5:0.4,,
2026-06-22,charizard,9,protect:heat wave:solar beam:weather ball:air slash,96.5:95.8:93.1:74.7:11.3,blaze:solar power,75.8:24.2,2 HP / 32 SpA / 32 Spe:2 Def / 32 SpA / 32 Spe:20 HP / 29 Def / 1 SpA / 16 Spe:32 SpA / 2 SpD / 32 Spe:16 HP / 25 Def / 12 SpA / 13 Spe,34.3:4.4:3.8:2.6:2.6,modest:timid:adamant:quiet:jolly,70.2:24.7:2.5:0.5:0.5,charizardite y:charizardite x:choice scarf:life orb:charcoal,96.1:2.7:0.3:0.2:0.1,,
2026-06-22,sylveon,10,hyper voice:quick attack:hyper beam:detect:protect,99.7:72.8:66.8:53.8:40.8,pixilate:cute charm,99.8:0.2,32 HP / 2 Def / 32 SpA:32 HP / 32 SpA / 2 Spe:9 HP / 22 Def / 30 SpA / 5 Spe:9 HP / 22 Def / 20 SpA / 15 Spe:2 HP / 32 SpA / 32 Spe,11.2:10.4:7.4:4.9:4,modest:quiet:timid:bold:calm,82.9:12.2:1.8:1.4:0.4,fairy feather:life orb:leftovers:sitrus berry:quick claw,85:6.1:2.5:2.2:1.3,,
