date,pokemon,usage,moves,move usage,ability,ability usage,sp,sp usage,nature,nature usage,item,item usage,,,,
2026-04-16,garchomp,1,earthquake:outrage:stealth rock:rock tomb:poison jab,99:65.9:52.4:46.5:23.1,rough skin:sand veil,99:0.8,2 hp / 32 atk / 32 spe,73,jolly:adamant,73:14,focus sash:choice scarf,43.9:30.2,,,,
2026-04-16,primarina,2,moonblast:sparkling aria:aqua jet:flip turn:encore,96:89.8:67.8:46.7:34.5,torrent:liquid voice,90.1:9.8,32 hp / 32 spa / 2 spe,12.8,modest:bold:quiet,67:12.3:9,sitrus berry:leftovers:mystic water,46.2:21.1:11.3,,,,
2026-04-16,charizard,3,solar beam:flame charge:flamethorw:overheat:airslash,74.5:52:42.5:41.9:34.2,blaze:solar power,77:23,2 hp / 32 spa / 32 spe:2 hp / 32 atk / 32 spe,45.7:13.1,timid:modest:adamant:jolly,51.5:23:13.6:9.6,charizardite y:charizardite x,75.3:23.3,,,,
2026-04-16,corviknight,4,roost:body press:iron defense:u-turn:iron head,96.6:89.5:77.3:64.8:24.2,pressure:mirror armor:unnerve,52.5:45:2.4,32 hp / 32 def / 2 spd:32 hp / 32 def / 2 spe,45.7:12.3,impish:relaxed,71.9:16.6,leftovers:sitrus berry,68:21.6,,,,
2026-04-16,archaludon,5,flash cannon:draco meteor:stealth rock:thunderbolt:aura sphere,79.6:73.1:58.2:51.2:30.7,stamina:sturdy,80.5:19.2,2 hp / 32 spa / 32 spe:32 hp / 2 def / 32 spd,13.3:7.4,modest:bold:calm:timid,40.9:25.8:13.5:11.3,sitrus berry:leftovers:white herb:choice scarf,31.2:30.8:18.5:6.5,,,,
2026-04-16,gengar,6,shadow ball:sludge wave:destiny bond:focus blast:icy wind,86.3:81:42:39.2:26.7,cursed body,100,2 hp / 32 spa / 32 spe:2 def / 32 spa / 32 spe:32 hp / 2 spa / 32 spe:32 spa / 2 spd / 32 spe:1 def / 32 spa / 1 spd / 32 spe,65.3:5.0:3.7:3.0:2.7,timid:modest:hasty:calm:bold,91.3:7.5:0.3:0.2:0.2,gengarite:focus sash:choice scarf:spell tag:quick claw,85.6:10.8:2.2:0.1:0.1,,,,
2026-04-16,scizor,7,bullet punch:swords dance:close combat:knock off:u-turn,99.8:93.6:69.0:46.0:33.2,technician:swarm:light metal,98.1:0.8:0.8,32 hp / 32 atk / 2 def:32 hp / 32 atk / 2 spe:14 hp / 32 atk / 20 spe:32 hp / 32 atk / 2 spd:32 hp / 32 atk / 1 def / 1 spd,16.1:15.3:11.5:7.8:3.2,adamant:impish:careful:brave:jolly,93.0:2.7:1.2:1.2:0.8,scizorite:sitrus berry:lum berry:metal coat:leftovers,84.1:5.0:2.9:2.4:1.6,,,,
2026-04-16,hippowdon,8,earthquake:stealth rock:yawn:slack off:whirlwind,97.0:96.9:95.9:48.0:36.9,sand stream:sand force,99.6:0.3,32 hp / 2 def / 32 spd:32 hp / 32 def / 2 spd:32 hp / 18 def / 16 spd:32 hp / 12 def / 22 spd:32 hp / 32 def / 1 spd,22.7:17.2:10.1:3.2:3.0,impish:careful:relaxed:sassy:adamant,68.8:23.6:2.9:1.6:1.1,sitrus berry:leftovers:mental herb:lum berry:bright powder,71.6:23.2:1.6:1.1:0.5,,,,
2026-04-16,kingambit,9,sucker punch:kowtow cleave:swords dance:iron head:low kick,99.4:94.5:86.8:79.8:25.1,supreme overlord:defiant:pressure,92.6:7.0:0.3,32 hp / 32 atk / 2 spe:32 hp / 32 atk / 2 spd:32 hp / 32 atk / 2 def:2 hp / 32 atk / 32 spe:32 atk / 1 def / 1 spd / 32 spe,27.0:7.6:7.4:6.5:4.8,adamant:jolly:brave:careful:impish,93.0:2.9:2.2:0.6:0.6,black glasses:chople berry:lum berry:focus sash:sitrus berry,77.4:6.4:3.9:3.5:3.4,,,,
2026-04-16,aegislash,10,shadow sneak:king's shield:poltergeist:sacred sword:close combat,94.0:77.8:61.4:45.4:31.1,stance change,100,32 hp / 32 atk / 1 def / 1 spd:32 hp / 32 atk / 2 def:32 hp / 1 atk / 1 def / 32 spa:32 hp / 32 atk / 2 spe:32 hp / 32 atk / 2 spd,15.1:10.6:7.9:6.9:6.5,adamant:quiet:brave:relaxed:sassy,49.5:21.2:18.1:2.2:2.0,leftovers:spell tag:focus sash:sitrus berry:lum berry,47.7:35.2:5.9:3.9:3.4,,,,
2026-04-19,garchomp,1,earthquake:outrage:stealth rock:rock tomb:poison jab,99.0:63.5:53.0:45.5:23.7,rough skin:sand veil,99.0:0.8,2 hp / 32 atk / 32 spe:32 atk / 2 def / 32 spe:32 atk / 1 def / 1 spd / 32 spe:32 atk / 2 spd / 32 spe:32 hp / 11 def / 12 spd / 11 spe,54.4:7.8:5.8:4.5:2.2,jolly:adamant:impish:careful:naive,71.5:14.1:8.6:3.9:0.6,focus sash:choice scarf:sitrus berry:lum berry:garchompite,42.5:30.1:12.5:7.0:1.7,,,,
2026-04-19,primarina,2,moonblast:sparkling aria:aqua jet:flip turn:encore,96.0:89.5:67.5:42.2:35.0,torrent:liquid voice,90.8:9.1,32 hp / 32 spa / 2 spe:32 hp / 2 def / 32 spa:32 hp / 32 spa / 2 spd:2 hp / 32 spa / 32 spe:32 hp / 32 def / 2 spa,13.1:7.5:6.5:3.7:3.2,modest:bold:quiet:calm:relaxed,68.0:12.8:8.0:3.7:2.2,sitrus berry:leftovers:mystic water:lum berry:focus sash,46.5:20.3:10.6:7.5:7.5,,,,
2026-04-19,charizard,3,solar beam:flame charge:flamethrower:overheat:air slash,69.4:46.7:40.9:36.7:32.0,blaze:solar power,77.6:22.2,2 hp / 32 spa / 32 spe:2 hp / 32 atk / 32 spe:2 def / 32 spa / 32 spe:32 spa / 2 spd / 32 spe:32 atk / 2 def / 32 spe,42.5:17.1:6.1:2.9:2.2,timid:modest:adamant:jolly:bold,47.0:21.0:17.7:10.6:1.5,charizardite y:charizardite x:choice scarf:focus sash:sitrus berry,70.0:28.6:0.2:0.1:0.1,,,,
2026-04-19,corviknight,4,roost:body press:iron defense:u-turn:iron head,96.6:88.4:76.6:63.9:24.3,pressure:mirror armor:unnerve,53.2:44.4:2.2,32 hp / 32 def / 2 spd:32 hp / 32 def / 2 spe:32 hp / 2 def / 32 spd:32 hp / 32 def / 1 spd:32 hp / 2 atk / 32 def,45.7:12.1:3.4:2.7:2.7,impish:relaxed:careful:sassy:bold,71.0:16.2:5.9:2.5:1.5,leftovers:sitrus berry:bright powder:lum berry:occa berry,67.8:20.7:3.7:3.0:0.6,,,,
2026-04-19,archaludon,5,flash cannon:draco meteor:stealth rock:thunderbolt:aura sphere,78.3:71.4:55.0:54.0:33.2,stamina:sturdy:stalwart,81.3:18.5:0.1,2 hp / 32 spa / 32 spe:32 hp / 2 def / 32 spd:32 hp / 32 spa / 2 spe:32 hp / 32 def / 2 spd:32 hp / 2 def / 32 spa,14.3:7.0:4.5:4.4:4.0,modest:bold:calm:timid:impish,43.2:23.8:13.0:11.3:2.9,leftovers:sitrus berry:white herb:choice scarf:lum berry,31.7:30.0:19.7:6.4:2.0,,,,
2026-04-19,gengar,6,shadow ball:sludge wave:destiny bond:focus blast:icy wind,87.1:81.6:42.4:39.4:27.7,cursed body,100.0,2 hp / 32 spa / 32 spe:2 def / 32 spa / 32 spe:32 hp / 2 spa / 32 spe:32 spa / 2 spd / 32 spe:1 def / 32 spa / 1 spd / 32 spe,66.6:5.0:3.7:3.2:2.4,timid:modest:hasty:calm:bold,90.8:8.0:0.3:0.2:0.2,gengarite:focus sash:choice scarf:spell tag:quick claw,83.9:12.1:2.7:0.1:0.1,,,,
2026-04-19,hippowdon,7,earthquake:stealth rock:yawn:slack off:whirlwind,97.1:96.6:96.0:52.7:33.9,sand stream:sand force,99.5:0.4,32 hp / 2 def / 32 spd:32 hp / 32 def / 2 spd:32 hp / 18 def / 16 spd:32 hp / 12 def / 22 spd:32 hp / 22 def / 12 spd,22.7:16.7:10.5:4.3:3.0,impish:careful:relaxed:sassy:adamant,70.1:22.2:2.9:1.5:1.1,sitrus berry:leftovers:mental herb:lum berry:bright powder,70.1:25.1:1.3:1.1:0.5,,,,
2026-04-19,scizor,8,bullet punch:swords dance:close combat:knock off:roost,99.8:94.3:71.3:48.4:30.8,technician:swarm:light metal,98.1:0.8:0.8,32 hp / 32 atk / 2 def:32 hp / 32 atk / 2 spe:14 hp / 32 atk / 20 spe:32 hp / 32 atk / 2 spd:32 hp / 32 atk / 1 def / 1 spd,15.8:15.6:10.1:7.5:3.0,adamant:impish:careful:brave:jolly,93.3:2.5:1.2:1.1:0.8,scizorite:sitrus berry:lum berry:metal coat:leftovers,85.0:4.5:2.9:2.2:1.3,,,,
2026-04-19,aegislash,9,shadow sneak:king's shield:poltergeist:sacred sword:close combat,94.0:73.4:65.5:43.9:33.7,stance change,100.0,32 hp / 32 atk / 1 def / 1 spd:32 hp / 32 atk / 2 def:32 hp / 32 atk / 2 spe:32 hp / 1 atk / 1 def / 32 spa:32 hp / 32 atk / 2 spd,15.1:10.3:6.9:6.6:6.1,adamant:quiet:brave:relaxed:modest,54.7:19.0:16.5:1.8:1.7,leftovers:spell tag:focus sash:sitrus berry:lum berry,42.0:40.7:6.0:3.5:3.4,,,,
2026-04-19,meowscarada,10,flower trick:triple axel:knock off:u-turn:sucker punch,96.5:81.5:71.4:66.0:24.8,protean:overgrow,92.0:8.0,2 hp / 32 atk / 32 spe:32 atk / 2 def / 32 spe:32 atk / 1 def / 1 spd / 32 spe:32 atk / 2 spd / 32 spe:1 hp / 32 atk / 32 spe,60.0:9.6:6.0:5.3:3.4,jolly:adamant:naive:hasty:naughty,54.2:43.0:0.6:0.5:0.5,choice scarf:focus sash:lum berry:sitrus berry:king's rock,61.7:31.1:1.2:0.8:0.6,,,,
2026-04-27,garchomp,1,earthquake:outrage:stealth rock:rock tomb:poison jab,98.9:61.5:52.0:43.5:25.3,rough skin:sand veil,99.1:0.9,2 hp / 32 atk / 32 spe:32 atk / 2 def / 32 spe:32 atk / 1 def / 1 spd / 32 spe:32 atk / 2 spd / 32 spe:32 hp / 11 def / 12 spd / 11 spe,55.2:7.5:5.4:4.3:2.2,jolly:adamant:impish:careful:naive,70.1:15.3:9.6:3.3:0.6,focus sash:choice scarf:sitrus berry:lum berry:garchompite,40.8:30.3:13.2:7.3:2.0,,,,
2026-04-27,primarina,2,moonblast:sparkling aria:aqua jet:flip turn:encore,95.0:89.1:66.3:38.3:35.7,torrent:liquid voice,91.2:8.8,32 hp / 32 spa / 2 spe:32 hp / 2 def / 32 spa:32 hp / 32 spa / 2 spd:2 hp / 32 spa / 32 spe:32 hp / 32 def / 2 spa,13.6:7.2:6.1:4.0:3.2,modest:bold:quiet:calm:mild,69.2:12.7:7.1:3.8:2.2,sitrus berry:leftovers:mystic water:focus sash:lum berry,46.4:19.9:9.7:7.9:7.1,,,,
2026-04-27,charizard,3,solar beam:flame charge:flamethrower:overheat:air slash,64.8:41.5:39.7:31.4:31.1,blaze:solar power,78.5:21.5,2 hp / 32 spa / 32 spe:2 hp / 32 atk / 32 spe:2 def / 32 spa / 32 spe:32 spa / 2 spd / 32 spe:32 atk / 2 def / 32 spe,39.8:20.1:5.8:2.6:2.3,timid:adamant:modest:jolly:bold,43.1:20.9:19.8:11.9:2.1,charizardite y:charizardite x:choice scarf:focus sash:sitrus berry,65.6:33.1:0.2:0.1:0.1,,,,
2026-04-27,corviknight,4,roost:body press:iron defense:u-turn:iron head,96.7:86.4:75.7:61.9:25.6,pressure:mirror armor:unnerve,53.9:44.0:2.1,32 hp / 32 def / 2 spd:32 hp / 32 def / 2 spe:32 hp / 2 def / 32 spd:32 hp / 2 atk / 32 def:32 hp / 25 def / 9 spd,46.0:11.7:3.8:2.8:2.5,impish:relaxed:careful:sassy:bold,69.7:16.1:6.5:3.0:1.5,leftovers:sitrus berry:bright powder:lum berry:occa berry,66.8:21.2:3.4:3.0:0.6,,,,
2026-04-27,archaludon,5,flash cannon:draco meteor:thunderbolt:stealth rock:aura sphere,76.6:68.6:56.4:50.1:37.0,stamina:sturdy:stalwart,81.0:18.9:0.1,2 hp / 32 spa / 32 spe:32 hp / 2 def / 32 spd:32 hp / 32 spa / 2 spe:32 hp / 32 def / 2 spd:32 hp / 2 def / 32 spa,16.0:7.0:4.6:4.2:4.2,modest:bold:calm:timid:impish,46.6:21.2:12.9:11.3:2.7,leftovers:sitrus berry:white herb:choice scarf:shuca berry,33.1:27.2:22.1:6.0:1.9,,,,
2026-04-27,hippowdon,6,earthquake:stealth rock:yawn:slack off:whirlwind,97.2:96.3:95.8:54.8:34.3,sand stream:sand force,99.6:0.4,32 hp / 2 def / 32 spd:32 hp / 32 def / 2 spd:32 hp / 18 def / 16 spd:32 hp / 12 def / 22 spd:32 hp / 22 def / 12 spd,22.5:17.2:9.8:4.4:3.6,impish:careful:relaxed:sassy:adamant,71.8:20.7:2.9:1.5:1.1,sitrus berry:leftovers:mental herb:lum berry:quick claw,67.3:28.3:1.2:1.0:0.5,,,,
2026-04-27,gengar,7,shadow ball:sludge wave:destiny bond:focus blast:icy wind,85.9:81.8:44.4:38.4:28.0,cursed body,100.0,2 hp / 32 spa / 32 spe:2 def / 32 spa / 32 spe:32 hp / 2 spa / 32 spe:32 spa / 2 spd / 32 spe:32 hp / 2 def / 32 spe,66.0:5.3:3.3:3.2:2.0,timid:modest:calm:hasty:bold,89.0:9.4:0.5:0.3:0.2,gengarite:focus sash:choice scarf:spell tag:quick claw,82.3:13.7:2.6:0.2:0.1,,,,
2026-04-27,dragonite,8,draco meteor:extreme speed:thunderbolt:flamethrower:air slash,67.8:59.7:51.5:45.1:40.6,multiscale:inner focus,97.1:2.9,2 hp / 32 spa / 32 spe:1 hp / 1 def / 32 spa / 32 spe:2 hp / 32 atk / 32 spe:32 hp / 32 spa / 2 spe:31 hp / 32 spa / 3 spe,27.9:6.1:4.6:3.6:3.6,modest:adamant:timid:jolly:quiet,70.5:9.2:7.4:3.5:2.6,dragoninite:lum berry:leftovers:white herb:silk scarf,84.4:7.0:1.9:1.1:0.9,,,,
2026-04-27,aegislash,9,shadow sneak:poltergeist:king's shield:sacred sword:close combat,94.9:70.4:67.5:41.4:37.2,stance change,100.0,32 hp / 32 atk / 1 def / 1 spd:32 hp / 32 atk / 2 def:32 hp / 32 atk / 2 spe:32 hp / 32 atk / 2 spd:32 hp / 1 atk / 1 def / 32 spa,15.3:10.0:7.1:5.7:5.1,adamant:quiet:brave:modest:sassy,60.5:15.7:14.8:1.5:1.5,spell tag:leftovers:focus sash:sitrus berry:lum berry,45.6:35.6:8.0:3.4:3.0,,,,
2026-04-27,scizor,10,bullet punch:swords dance:close combat:knock off:u-turn,99.8:94.2:73.1:50.2:28.7,technician:light metal:swarm,98.3:0.9:0.9,32 hp / 32 atk / 2 def:32 hp / 32 atk / 2 spe:14 hp / 32 atk / 20 spe:32 hp / 32 atk / 2 spd:16 hp / 32 atk / 18 spe,16.0:15.9:8.2:7.6:3.2,adamant:impish:careful:jolly:brave,93.4:2.4:1.2:1.1:1.0,scizorite:sitrus berry:lum berry:metal coat:leftovers,84.5:4.2:3.0:2.3:2.0,,,,
2026-05-03,garchomp,1,earthquake:outrage:stealth rock:rock tomb:poison jab,99.0:61.4:50.3:42.6:26.6,rough skin:sand veil,99.1:0.9,2 hp / 32 atk / 32 spe:32 atk / 2 def / 32 spe:32 atk / 1 def / 1 spd / 32 spe:32 atk / 2 spd / 32 spe:32 hp / 11 def / 12 spd/ 11 spe,55.6:7.4:5.4:4.2:2.0,jolly:adamant:impish:careful:naive,69.4:16.3:9.5:3.0:0.6,focus sash:choice scarf:sitrus berry:lum berry:garchompite,39.4:31.8:13.0:7.5:2.0,,,,
2026-05-03,primarina,2,moonblast:sparkling aria:aqua jet:encore:flip turn,96.0:88.8:65.6:36.4:36.0,torrent:liquid voice,91.4:8.6,32 hp / 32 spa / 2 spe:32 hp / 2 def / 32 spa:32 hp / 32 spa / 2 spd:2 hp / 32 spa / 32 spe:32 hp / 32 def / 2 spa,13.5:7.0:5.8:4.0:3.1,modest:bold:quiet:calm:mild,69.2:12.8:6.7:3.9:2.2,sitrus berry:leftovers:mystic water:focus sash:lum berry,45.9:19.8:9.5:8.1:7.5,,,,
2026-05-03,archaludon,3,flash cannon:draco meteor:thunderbolt:stealth rock:aura sphere,74.5:67.3:58.2:49.4:37.1,stamina:sturdy:stalwart,81.2:18.6:0.1,2 hp / 32 spa / 32 spe:32 hp / 2 def / 32 spd:32 hp / 32 spa / 2 spe:32 hp / 32 def / 2 spd:32 hp / 32 spa / 2 def,16.5:7.0:4.5:4.3:4.1,modest:bold:calm:timid:impish,47.2:21.0:12.9:10.7:2.6,leftovers:sitrus berry:white herb:choice scarf:shuca berry,34.0:26.1:22.9:5.4:2.3,,,,
2026-05-03,charizard,4,solar beam:flamethrower:flame charge:air slash:flare blitz,64.3:40.5:39.9:31.4:31.4,blaze:solar power,79.0:21.0,2 hp / 32 spa / 32 spe: 2 hp / 32 atk / 32 spe:2 def / 32 spa / 32 spe:32 spa / 2 spd / 32 spe:32 atk / 2 def / 32 spe,39.1:20.3:5.8:2.6:2.4,timid:adamant:modest:jolly:bold,42.0:21.2:20.6:12.0:2.1,charizardite y:charizardite x:choice scarf:focus sash:sitrus berry,65.1:33.5:0.2:0.1:0.1,,,,
2026-05-03,corviknight,5,roost:body press:iron defense:u-turn:iron head,96.8:84.1:73.8:60.7:26.2,pressure:mirror armor:unnerve,54.9:43.0:2.1,32 hp / 32 def / 2 spd:32 hp / 32 def / 2 spe:32 hp / 2 def / 32 spd:32 hp / 2 atk / 32 def:32 hp / 25 def / 9 spd,45.5:11.2:4.3:2.8:2.6,impish:relaxed:careful:sassy:bold,67.9:16.2:8.0:3.2:1.4,leftovers:sitrus berry:bright powder:lum berry:occa berry,67.0:21.3:3.3:2.9:0.6,,,,
2026-05-03,hippowdon,6,earthquake:stealth rock:yawn:slack off:whirlwind,97.1:95.6:95.2:53.3:37.4,sand stream:sand force,99.6:0.4,32 hp / 2 def / 32 spa:32 hp / 32 def / 2 spd:32 hp / 18 def / 16 spd: 32 hp / 22 def / 12 spd:32 hp / 12 def / 22 spd,23.1:17.3:9.2:4.2:4.1,impish:careful:relaxed:sassy:adamant,72.3:20.1:2.9:1.5:1.2,sirus berry:leftovers:mental herb:lum berry:quick claw,67.2:28.5:1.1:1.0:0.5,,,,
2026-05-03,dragonite,7,draco meteor:extreme speed:thunderbolt:flamethrower:air slash,68.9:55.6:53.6:45.7:42.1,multiscale:inner focus,97.4:2.6,2 hp / 32 spa / 32 spe:1 hp / 1 def / 32 spa / 32 spe:2 hp / 32 atk / 32 spe:32 hp / 32 spa / 2 spe:31 hp / 32 spd / 3 spe,28.3:6.6:4.4:3.7:3.3,modest:adamant:timid:jolly:quiet,71.5:8.5:7.8:3.4:2.4,dragonite:lum berry:leftovers:white herb:sitrus berry,85.3:6.6:1.7:1.0:0.9,,,,
2026-05-03,gengar,8,shadow ball:sludge wave:destiny bond:focus blast:icy wind,84.9:81.9:45.3:38.1:27.6,cursed body,100.0,2 hp / 32 spa / 32 spe:2 def / 32 spa / 32 spe:32 spa / 2 spd / 32 spe:32 hp / 2 spd / 32 spe: 32hp / 2 def / 32 spe,64.7:5.7:3.3:3.1:1.9,timid:modest:calm:hasty:naive,88.1:10.1:0.6:0.3:0.2,gengarite:focus sash:choice scarf:spell tag:quick claw,82.4:13.6:2.4:0.2:0.1,,,,
2026-05-03,aegislash,9,shadow sneak:poltergeist:king's shield:sacred sword:close combat,94.9:72.2:66.2:40.9:37.9,stance change,100.0,32 hp / 32 atk / 32 def / 32 spa / 32 spd / 32 spe:2 hp / 32 spa / 32 spe:3 hp / 32 spa / 32 spe:4 hp / 32 spa / 32 spe:5 hp / 32 spa / 32 spe,15.6:9.7:7.2:5.5:4.9,adamant:quiet:brave:sassy:modest,61.9:14.5:14.2:1.7:1.5,spell tag:leftovers:focus sash:sitrus berry:lum berry,46.5:34.0:8.9:3.3:2.8,,,,
2026-05-03,meowscarada,10,flower trick:triple axel:knock off:u-turn:sucker punch,96.3:83.9:72.0:66.6:22.4,protean:overgrow,93.0:7.0,2 hp / 32 atk / 32 spe:2 def / 32 atk / 32 spe:32 atk /1 def / 1 spd / 32 spe:32 atk / 32 spe / 2 spd:32 atk / 32 spe,61.3:9.5:6.0:4.8:2.5,jolly:adamant:naive:hasty:naughty,53.2:43.7:0.8:0.6:0.6,choice scarf:focus sash:lum berry:sitrus berry:king's rock,63.9:28.5:1.4:1.0:0.8,,,,
2026-05-10,garchomp,1,earthquake:outrage:stealth rock:rock tomb:poison jab,99.0:60.3:49.5:41.7:26.7,rough skin:sand veil,99.1:0.9,2 hp / 32 atk / 32 spe:32 atk / 2 def / 32 spe:32 atk / 1 def / 1 spd / 32 spe:32 atk / 2 spd / 32 spe: 32 hp / 11 def / 12 spd / 11 spe,55.6:7.6:5.3:4.1:1.8,jolly:adamant:impish:careful:naive,68.8:16.6:9.9:2.8:0.5,focus sash:choice scarf:sitrus berry:lum berry:garchompite,38.9:31.9:13.2:7.5:2.0,,,,
2026-05-10,primarina,2,moonblast:sparking aria:aqua jet:encore:flip turn,96.0:88.8:65.2:37.3:34.3,torrent:liquid voice,91.7:8.3,32 hp / 32 spa / 2 spe:32 hp / 2 def / 32 spa: 32 hp / 32 spa / 2 spd:2 hp / 32 spa / 32 spe:32 hp / 32 def / 2 spa,13.4:6.8:5.6:4.1:3.1,modest:bold:quiet:calm:mild,69.3:13.1:6.5:3.5:2.2,sitrus berry:leftovers:mystic water:focus sash:lum berry,45.5:19.6:9.4:8.0:7.4,,,,
2026-05-10,archaludon,3,flash cannon:draco meteor:thunderbolt:stealth rock:aura sphere,73.3:66.6:59.7:48.9:36.6,stamina:study:stalwart,81.2:18.7:0.1,2 hp / 32 spa / 32 spe: 32 hp / 2 def / 32 spd:32 hp / 32 spa / 2 spe:32 hp / 32 def / 2 spd: 32 hp / 2 def / 32 spa,16.4:7.4:4.3:4.2:3.9,modest:bold:calm:timid:impish,47.0:21.1:13.3:10.4:2.5,leftovers:sitrus berry:white herb:choice scarf:shuca berry,34.4:25.4:23.2:5.2:2.7,,,,
2026-05-10,charizard,4,solar beam:flamethrower:flame charge:flare blitz:air slash,63.7:41.1:38.5:32.0:31.5,blaze:solar power,79.7:20.3,2 hp / 32 spa / 32 spe:2 hp / 32 atk / 32 spe:2 def / 32 spa / 32 spe:32 spa / 2 spd / 32 spe:32 atk / 2 def / 32 spe,38.0:20.5:5.6:2.5:2.4,timid:modest:adamant:jolly:bold,40.7:21.4:21.3:12.5:2.0,charizardite y:charizardite x:choice scarf:focus sash:sitrus berry,64.5:34.1:0.2:0.1:0.1,,,,
2026-05-10,corviknight,5,roast:body press:iron defense:u-turn:iron head,96.3:82.9:72.0:60.3:27.0,pressure:mirror armor:unnerve,55.4:42.7:1.9,32 hp / 32 def / 2 spd:32 hp / 32 def / 2 spe:32 hp /2 def / 32 spd:32 hp /2 atk / 32 def:32 hp / 25 def /9 spd,45.3:10.8:4.7:2.8:2.7,impish:relaxed:careful:sassy:bold,66.5:16.8:9.0:3.2:1.4,leftovers:sitrus berry:bright powder:lum berry:occa berry,67.2:21.5:3.1:2.7:0.6,,,,
2026-05-10,hippowdon,6,earthquake:stealth rock:yawn:slack off:whirlwind,97.1:95.4:94.6:51.7:40.2,sand stream:sand force,99.5:0.4,32 hp / 2 def / 32 spd:32 hp / 32 def / 2 spd:32 hp /18 def / 16 spd:32 hp / 22 def / 12 spd:32 hp /12 def /22 spd,23.3:17.5:8.8:4.5:3.9,impish:careful:relaxed:sassy:adamant,72.4:20.0:2.8:1.4:1.3,sitrus berry:leftovers:mental herb:lum berry:quick claw,67.3:28.3:1.1:1.0:0.5,,,,
2026-05-10,dragonite,7,draco meteor:extreme speed:thunderbolt:flamethrower:air slash,61.7:54.4:53.1:44.9:41.7,multiscale:inner focus,97.6:2.4,2 hp / 32 spa / 32 spe:1 hp / 1 def / 32 spa / 32 spe:2 hp / 32 atk / 32 spe: 32 hp / 32 spa / 2 spe:31 hp / 32 spa / 3 spe,28.2:6.7:5.0:3.7:3.1,modest:adamanet:timid:jolly:quiet,70.0:9.2:7.9:4.5:2.2,dragoninite:lum berry:leftovers:white herb:sitrus berry,83.6:8.4:1.7:1.0:0.9,,,,
2026-05-10,gengar,8,shadow ball:sludge wave:destiny bond:focus blast:icy wind,84.1:82.2:45.8:38.2:27.2,cursed body,100.0,2 hp / 32 spa / 32 spe:2 def / 32 spa /32 spe:32 spa / 2 spd / 32 spe:32 hp / 2 spa / 32 spe:32 hp / 2 def / 32 spe,63.2:5.9:3.2:2.9:1.8,timid:modest:calm:hasty:naive,87.0:11.2:0.6:0.3:0.2,gengarite:focus sash:choice scarf:spell tag:quick claw,82.7:13.6:2.3:0.2:0.2,,,,
2026-05-10,meowscarada,9,flower trick:triple axel:knock off:u-turn:sucker punch,96.3:83.9:71.9:67.0:21.0,protean:overgrow,93.1:6.9,2 hp / 32 atk / 32 spe:32 atk / 2 def / 32 spe:32 atk / 1 def / 1 spd / 32 spe:32 atk / 2 spd / 32 spe:32 atk / 32 spe,60.0:9.6:6.1:4.6:2.3,jolly:adamant:naive:naughty:hasty,52.5:44.2:0.9:0.6:0.6,choice scarf:focus sash:lum berry:sitrus berry:king's rock,65.7:26.8:1.3:0.9:0.7,,,,
2026-05-10,basculegion,10,last respect:wave crash:aqua jet:flip turn:ice fang,99.5:95.9:86.5:83.1:6.0,adaptability:swift swim:mold breaker,94.4:4.9:0.7,2 hp / 32 atk / 32 spe:32 atk / 2 def / 32 spe:32 atk / 1 def / 1 spd / 32 spe: 32 atk / 2 spd / 32 spe: 32 atk / 2 spd / 32 spe:32 atk / 32 spe,57.3:15.9:9.1:4.1:2.1,jolly:adamant:naughty:lonely:brave,71.2:27.1:0.3:0.3:0.3,choice scarf:focus sash:mystic water:spell tag:sitrus berry,68.4:7.0:4.4:2.4:0.7,,,,
2026-05-18,garchomp,1,earthquake:stealth rock:outrage:rock tomb:scale shot,99.3:51.7:49.7:39.6:31.9,rough skin:sand veil,99.6:0.4,2 hp / 32 atk / 32 spe:32 atk / 2 def / 32 spe:32 atk / 1 def / 1 spd / 32 spe:32 hp / 32 def / 2 spe:32 atk / 2 spd / 32 spe,51.5:10.8:5:4.2:3.1,jolly:adamant:impish:careful:naive,52.9:32.5:11.6:1.6:0.4,focus sash:choice scarf:sitrus berry:lum berry:garchompite,36.5:34.9:16.5:5.6:1.7,,,,
2026-05-18,archaludon,2,thunderbolt:draco meteor:flash cannon:stealth rock:aura sphere,67.1:65.6:55.6:46.5:27.4,stamina:sturdy:stalwart,76.0:23.9:0.0,2 hp / 32 spa / 32 spe:32 hp / 2 def / 32 spd:32 hp / 32 spd / 2 spe:32 spa / 2 spd / 32 spe:32 hp / 32 spa / 2 spe,19.4:7.3:4.2:2.6:2.5,modest:bold:calm:timid:careful,43.5:26.3:12.7:9.0:3.0,leftovers:sitrus berry:white herb:choice scarf:shuca berry,31.5:29.9:23.4:4.1:2.6,,,,
2026-05-18,meowscarada,3,flower trick:triple axel:u-turn:knock off:thunder punch,93.3:75.2:69.9:59.4:19.8,protean:overgrow,93.9:6.1,2 hp / 32 atk / 32 spe:32 atk / 2 def / 32 spe:4 hp / 30 atk / 20 def / 12 spe:32 atk / 1 def / 1 spd / 32 spe:32 atk / 2 spd / 32 spe,45.6:10.5:6.6:6.1:2.8,adamant:jolly:rash:naive:modest,49.4:45.0:1.5:1.1:0.8,choice scarf:focus sash:lum berry:sitrus berry:black glasses,78.5:17.7:0.7:0.6:0.4,,,,
2026-05-18,primarina,4,moonblast:sparkling aria:aqua jet:encore:flip turn,97.3:81.7:67.5:39.8:29.5,torrent:liquid voice,95.7:4.3,32 hp / 32 spa / 2 spe:32 hp / 32 spa / 2 spd:32 hp / 2 def / 32 spa:32 hp / 20 def / 14 spa:32 hp / 24 spa / 10 spe,9.6:6.7:5.2:4.1:3,modest:bold:quiet:calm:relaxed,66.1:13.6:11.9:3.0:1.5,sitrus berry:leftovers:mystic water:lum berry:focus sash,49.9:15.7:12.3:5.8:5.1,,,,
2026-05-18,charizard,5,solar beam:flamethrower:flare blitz:flame charge:air slash,58.4:41.1:35.9:30.7:29.8,blaze:solar power,87.3:12.7,2 hp / 32 spa / 32 spe:2 hp / 32 atk / 32 spe:32 hp / 20 def / 11 spa / 3 spe:2 def / 32 spa / 32 spe:12 hp / 29 atk / 3 def / 1 spd / 21 spe,25.8:16.5:4.2:4.2:3.4,modest:timid:adamant:jolly:bold,31.3:28.8:19.6:17.5:1.2,charizardite y:charizardite x:choice scarf:lum berry:focus sash,61.1:37.5:0.2:0.1:0.1,,,,
2026-05-18,corviknight,6,roost:body press:iron defense:u-turn:iron head,98.4:71.2:65.1:63.9:30.3,pressure:mirror armor:unnerve,66.4:32.6:0.9,32 hp / 32 def / 2 spd:32 hp / 2 def / 32 spd:32 hp / 32 def / 2 spe:32 hp / 18 def / 16 spd:32 hp / 25 def / 9 spd,43.9:6.3:6.3:4.5:3.4,impish:relaxed:careful:sassy:adamant,46.8:30.9:16.0:3.1:1.2,leftovers:sitrus berry:bright powder:lum berry:sharp beak,66.2:26.9:2.2:1.3:0.7,,,,
2026-05-18,basculegion,7,last respects:wave crash:aqua jet:flip turn:agility,99.9:97.3:91.7:79.2:12.8,adaptability:swift swim:mold breaker,97.7:2.1:0.3,2 hp / 32 atk / 32 spe:32 atk / 2 def / 32 spe:32 atk / 1 def / 1 spd / 32 spe:32 atk / 2 spd / 32 spe:1 hp / 32 atk / 1 def / 32 spe,45.5:23.4:11.6:3.2:1.7,jolly:adamant:brave:hasty:lonely,68.1:31.0:0.2:0.1:0.1,choice scarf:focus sash:mystic water:spell tag:sitrus berry,75.3:10.8:8.5:3.9:0.3,,,,
2026-05-18,hippowdon,8,earthquake:yawn:stealth rock:slack off:whirlwind,98.3:94.8:87.2:49.5:47.8,sand stream:sand force,99.5:0.1,32 hp / 2 def / 32 spd:32 hp / 32 def / 2 spd:32 hp / 18 def / 16 spd:32 hp / 15 def / 19 spd:32 hp / 12 def / 22 spd,25.1:16.8:7.8:5.8:5.8,impish:careful:relaxed:bold:sassy,75.0:17.7:4.4:1.0:0.9,sitrus berry:leftovers:mental herb:lum berry:passho berry,66.1:31.0:0.8:0.6:0.2,,,,
2026-05-18,lucario,9,close combat:meteor mash:bullet punch:swords dance:vacuum wave,70.5:52.7:52.2:39.0:27.6,inner focus:justified:steadfast,83.4:8.7:7.9,2 hp / 32 atk / 32 spe:2 hp / 32 spa / 32 spe:2 hp / 27 atk / 9 def / 28 spe:32 atk / 2 def / 32 spe:2 def / 32 spa / 32 spe,49.6:19.5:6.4:3.5:2.8,jolly:timid:modest:adamant:naive,65.9:20.2:6.7:4.1:1.9,lucarionite:focus sash:choice scarf:black belt:scizorite,97.7:0.9:0.8:0.1:0.0,,,,
2026-05-18,gyarados,10,waterfall:dragon dance:earthquake:ice fang:power whip,83.4:73.5:66.7:45.8:37.2,intimidate:moxie,98.8:1.2,1 hp / 32 atk / 1 def / 32 spe:2 hp / 32 atk / 32 spe:7 hp / 32 atk / 1 def / 26 spe:3 hp / 32 atk / 1 def / 30 spe:1 hp / 32 atk / 1 spd / 32 spe,21.3:13.1:4:2.9:2.8,adamant:jolly:impish:careful:bold,45.4:41.4:11.5:1.2:0.2,gyaradosite:leftovers:sitrus berry:lum berry:chesto berry,63.8:16.1:6.8:5.1:3.9,,,,
2026-05-24,garchomp,1,earthquake:stealth rock:outrage:rock tomb:scale shot,99.2:51.3:48.5:40.6:34.0,rough skin:sand veil,99.5:0.5,2 hp / 32 atk / 32 spe:32 atk / 2 def / 32 spe:32 atk / 1 def / 1 spd / 32 spe:32 hp / 32 def / 2 spe:32 atk / 2 spd / 32 spe,52.7:11:4.9:4.2:3.1,jolly:adamant:impish:careful:naive,52.2:34.2:10.7:1.5:0.4,focus sash:choice scarf:sitrus berry:lum berry:garchompite,38.5:33.6:15.6:5.4:1.8,,,,
2026-05-24,archaludon,2,thunderbolt:draco meteor:flash cannon:stealth rock:aura sphere,67.5:65.6:56.3:49.4:27.2,stamina:sturdy:stalwart,77.6:22.4:0.0,2 hp / 32 spa / 32 spe:32 hp / 2 def / 32 spd:32 hp / 32 spd / 2 spe:32 hp / 20 def / 5 spa / 9 spd:32 hp / 32 spa / 2 spe,18.3:7.1:4.6:3.6:2.3,modest:bold:calm:timid:careful,41.7:28.0:12.9:8.9:3.5,sitrus berry:leftovers:white herb:choice scarf:scope lens,32.4:30.6:21.8:4.5:2.3,,,,
2026-05-24,meowscarada,3,flower trick:triple axel:u-turn:knock off:thunder punch,93.1:72.5:71.2:59.0:21.1,protean:overgrow,94.7:5.3,2 hp / 32 atk / 32 spe:32 atk / 2 def / 32 spe:4 hp / 30 atk / 20 def / 12 spe:32 atk / 1 def / 1 spd / 32 spe:32 atk / 2 spd / 32 spe,45.4:11.7:6.3:5.6:2.6,adamant:jolly:rash:naive:modest,47.9:45.9:1.8:1.4:0.8,choice scarf:focus sash:lum berry:sitrus berry:black glasses,78.6:17.1:0.7:0.5:0.4,,,,
2026-05-24,primarina,4,moonblast:sparkling aria:aqua jet:encore:flip turn,97.1:79.8:66.6:40.5:30.6,torrent:liquid voice,95.4:4.6,32 hp / 32 spa / 2 spe:32 hp / 32 spa / 2 spd:32 hp / 2 def / 32 spa:32 hp / 20 def / 14 spa:32 hp / 10 def / 24 spa,9.6:6.6:5.3:3.9:3.4,modest:bold:quiet:calm:relaxed,65.2:13.5:12.5:3.2:1.9,sitrus berry:mystic water:leftovers:lum berry:chesto berry,47.5:15.5:15.1:5.6:4.6,,,,
2026-05-24,charizard,5,solar beam:flamethrower:flare blitz:air slash:flame charge,60.1:42.1:34.2:32.0:29.3,blaze:solar power,86.4:13.6,2 hp / 32 spa / 32 spe:2 hp / 32 atk / 32 spe:2 def / 32 spa / 32 spe:32 hp / 20 def / 11 spa / 3 spe:12 hp / 29 atk / 3 def / 1 spd / 21 spe,27.4:15.7:4.4:3.8:3.7,modest:timid:adamant:jolly:bold,32.1:29.9:18.0:17.4:1.0,charizardite y:charizardite x:choice scarf:lum berry:beedrillite,62.7:35.8:0.2:0.1:0.1,,,,
2026-05-24,corviknight,6,roost:body press:iron defense:u-turn:iron head,98.2:71.2:63.9:62.7:31.2,pressure:mirror armor:unnerve,64.4:34.5:1.0,32 hp / 32 def / 2 spd:32 hp / 2 def / 32 spd:32 hp / 32 def / 2 spe:32 hp / 18 def / 16 spd:32 hp / 25 def / 9 spd,43.7:6.8:6.2:4.2:3.2,impish:relaxed:careful:sassy:adamant,47.7:29.7:15.6:3.7:1.3,leftovers:sitrus berry:bright powder:lum berry:sharp beak,66.8:26.0:2.3:1.4:0.8,,,,
2026-05-24,hippowdon,7,earthquake:yawn:stealth rock:slack off:whirlwind,98.1:94.3:84.9:52.4:45.4,sand stream:sand force,99.8:0.2,32 hp / 2 def / 32 spd:32 hp / 32 def / 2 spd:32 hp / 18 def / 16 spd:32 hp / 15 def / 19 spd:32 hp / 22 def / 12 spd,24:17.8:8.9:6.1:6,impish:careful:relaxed:adamant:bold,74.6:16.8:4.8:1.2:0.9,sitrus berry:leftovers:mental herb:lum berry:quick claw,64.1:32.8:0.7:0.7:0.3,,,,
2026-05-24,basculegion,8,last respects:wave crash:aqua jet:flip turn:agility,99.9:96.7:91.3:78.9:11.8,adaptability:swift swim:mold breaker,97.5:2.2:0.3,2 hp / 32 atk / 32 spe:32 atk / 2 def / 32 spe:32 atk / 1 def / 1 spd / 32 spe:32 atk / 2 spd / 32 spe:2 hp / 32 atk / 14 def / 18 spe,46.4:22.3:11.5:3.1:1.6,jolly:adamant:brave:lonely:hasty,67.3:31.6:0.2:0.2:0.2,choice scarf:focus sash:mystic water:spell tag:sitrus berry,74.5:10.8:9.5:3.4:0.4,,,,
2026-05-24,lucario,9,close combat:meteor mash:bullet punch:swords dance:vacuum wave,71.6:56.9:48.0:38.7:26.1,inner focus:justified:steadfast,83.8:8.6:7.6,2 hp / 32 atk / 32 spe:2 hp / 32 spa / 32 spe:2 hp / 27 atk / 9 def / 28 spe:32 atk / 2 def / 32 spe:2 def / 32 spa / 32 spe,51.2:18.3:6.4:3.6:2.7,jolly:timid:modest:adamant:naive,67.0:18.9:6.4:4.6:1.7,lucarionite:focus sash:choice scarf:black belt:scizorite,97.6:1.1:0.7:0.1:0.0,,,,
2026-05-24,gengar,10,sludge wave:shadow ball:focus blast:icy wind:destiny bond,81.6:72.2:39.2:36.4:30.5,cursed body,100.0,2 hp / 32 spa / 32 spe:2 def / 32 spa / 32 spe:30 hp / 12 spa / 1 spd / 23 spe:14 hp / 20 spa / 32 spe:24 hp / 10 spa / 32 spe,52.9:5.4:4.7:2.3:2.1,timid:modest:naive:calm:mild,68.0:30.5:0.3:0.3:0.2,gengarite:focus sash:choice scarf:spell tag:quick claw,82.5:15.1:1.3:0.2:0.1,,,,
2026-05-31,garchomp,1,earthquake:stealth rock:outrage:rock tomb:scale shot,99.2:50.3:47.9:39.7:34.4,rough skin:sand veil,99.5:0.5,2 hp / 32 atk / 32 spe:32 atk / 2 def / 32 spe:32 atk / 1 def / 1 spd / 32 spe:32 hp / 32 def / 2 spe:32 atk / 2 spd / 32 spe,52.4:11:4.6:4.3:3,jolly:adamant:impish:careful:naive,51.7:34.5:10.8:1.5:0.4,focus sash:choice scarf:sitrus berry:lum berry:garchompite,38.1:32.9:15.9:5.6:2.0,,,,
2026-05-31,archaludon,2,thunderbolt:draco meteor:flash cannon:stealth rock:aura sphere,66.5:64.5:55.5:50.0:26.9,stamina:sturdy:stalwart,78.1:21.8:0.0,2 hp / 32 spa / 32 spe:32 hp / 2 def / 32 spd:32 hp / 32 spd / 2 spe:32 hp / 20 def / 5 spa / 9 spd:32 hp / 32 spa / 2 spe,17.9:7.7:4.9:3.2:2.3,modest:bold:calm:timid:careful,40.7:27.4:14.0:9.0:3.7,sitrus berry:leftovers:white herb:choice scarf:scope lens,33.2:30.2:21.2:4.4:2.2,,,,
2026-05-31,meowscarada,3,flower trick:triple axel:u-turn:knock off:thunder punch,92.8:72.3:69.5:57.1:21.7,protean:overgrow,95.1:4.9,2 hp / 32 atk / 32 spe:32 atk / 2 def / 32 spe:4 hp / 30 atk / 20 def / 12 spe:32 atk / 1 def / 1 spd / 32 spe:2 atk / 32 spa / 32 spe,45.7:11.2:5.8:5.3:2.7,adamant:jolly:rash:naive:modest,46.4:45.0:3.3:1.7:1.0,choice scarf:focus sash:lum berry:sitrus berry:black glasses,76.7:18.5:0.8:0.6:0.4,,,,
2026-05-31,primarina,4,moonblast:sparkling aria:aqua jet:encore:flip turn,96.9:79.1:66.6:40.9:30.1,torrent:liquid voice,95.1:4.9,32 hp / 32 spa / 2 spe:32 hp / 32 spa / 2 spd:32 hp / 2 def / 32 spa:32 hp / 10 def / 24 spa:32 hp / 20 def / 14 spa,9.9:6.6:5.5:3.8:3.8,modest:bold:quiet:calm:relaxed,64.8:13.2:12.9:3.3:1.9,sitrus berry:mystic water:leftovers:lum berry:chesto berry,46.3:16.9:15.3:5.4:4.4,,,,
2026-05-31,charizard,5,solar beam:flamethrower:flare blitz:air slash:flame charge,61.3:42.5:33.1:33.0:28.9,blaze:solar power,86.0:14.0,2 hp / 32 spa / 32 spe:2 hp / 32 atk / 32 spe:2 def / 32 spa / 32 spe:32 hp / 20 def / 11 spa / 3 spe:14 hp / 12 def / 21 spa / 19 spe,28.2:15.4:4.6:3.7:3.5,modest:timid:adamant:jolly:bold,33.0:30.0:17.5:16.5:0.9,charizardite y:charizardite x:choice scarf:lum berry:focus sash,63.9:34.5:0.2:0.1:0.1,,,,
2026-05-31,corviknight,6,roost:body press:iron defense:u-turn:iron head,98.1:70.8:63.4:62.1:31.1,pressure:mirror armor:unnerve,63.7:35.3:1.0,32 hp / 32 def / 2 spd:32 hp / 2 def / 32 spd:32 hp / 32 def / 2 spe:32 hp / 18 def / 16 spd:32 hp / 25 def / 9 spd,43.3:7:6.2:4.2:3.2,impish:relaxed:careful:sassy:adamant,47.9:29.1:15.7:4.0:1.3,leftovers:sitrus berry:bright powder:lum berry:sharp beak,66.7:25.9:2.3:1.6:0.9,,,,
2026-05-31,hippowdon,7,earthquake:yawn:stealth rock:slack off:whirlwind,98.0:94.3:84.5:53.3:44.2,sand stream:sand force,99.8:0.2,32 hp / 2 def / 32 spd:32 hp / 32 def / 2 spd:32 hp / 18 def / 16 spd:32 hp / 15 def / 19 spd:32 hp / 22 def / 12 spd,24.1:18.2:8.9:6.1:6,impish:careful:relaxed:adamant:sassy,74.0:17.0:5.0:1.3:1.0,sitrus berry:leftovers:mental herb:lum berry:quick claw,64.1:32.8:0.7:0.7:0.4,,,,
2026-05-31,basculegion,8,last respects:wave crash:aqua jet:flip turn:agility,99.9:96.5:91.0:78.6:11.4,adaptability:swift swim:mold breaker,97.5:2.2:0.3,2 hp / 32 atk / 32 spe:32 atk / 2 def / 32 spe:32 atk / 1 def / 1 spd / 32 spe:32 atk / 2 spd / 32 spe:2 hp / 32 atk / 14 def / 18 spe,47.3:21.3:10.9:3.2:1.6,jolly:adamant:brave:lonely:naughty,66.8:32.0:0.2:0.2:0.2,choice scarf:focus sash:mystic water:spell tag:sitrus berry,74.1:10.5:10.1:3.3:0.4,,,,
2026-05-31,lucario,9,close combat:meteor mash:bullet punch:swords dance:vacuum wave,71.2:55.4:47.8:39.5:26.2,inner focus:justified:steadfast,84.0:8.5:7.5,2 hp / 32 atk / 32 spe:2 hp / 32 spa / 32 spe:2 hp / 27 atk / 9 def / 28 spe:32 atk / 2 def / 32 spe:2 def / 32 spa / 32 spe,51.3:18.3:6:3.6:2.7,jolly:timid:modest:adamant:naive,66.2:19.0:6.5:5.0:1.8,lucarionite:focus sash:choice scarf:black belt:scizorite,97.4:1.2:0.8:0.1:0.0,,,,
2026-05-31,gengar,10,sludge wave:shadow ball:focus blast:icy wind:destiny bond,81.6:71.2:37.2:36.8:30.7,cursed body,100.0,2 hp / 32 spa / 32 spe:30 hp / 12 spa / 1 spd / 23 spe:2 def / 32 spa / 32 spe:24 hp / 10 spa / 32 spe:14 hp / 20 spa / 32 spe,52.2:5.4:5.3:2.1:1.9,timid:modest:naive:calm:hasty,68.2:30.4:0.3:0.3:0.2,gengarite:focus sash:choice scarf:spell tag:quick claw,82.1:15.4:1.3:0.2:0.1,,,,
2026-06-07,garchomp,1,earthquake:stealth rock:outrage:rock tomb:scale shot,99.2:49.5:47.8:39.0:34.4,rough skin:sand veil,99.4:0.6,2 hp / 32 atk / 32 spe:32 atk / 2 def / 32 spe:32 atk / 1 def / 1 spd / 32 spe:32 hp / 32 def / 2 spe:32 atk / 2 spd / 32 spe,,jolly:adamant:impish:careful:naive,51.4:34.7:10.8:1.6:0.4,focus sash:choice scarf:sitrus berry:lum berry:garchompite,37.7:32.7:16.0:5.8:2.1,,,,
2026-06-07,archaludon,2,thunderbolt:draco meteor:flash cannon:stealth rock:aura sphere,65.4:64.6:55.7:50.1:26.8,stamina:sturdy:stalwart,78.2:21.7:0.1,2 hp / 32 spa / 32 spe:32 hp / 2 def / 32 spd:32 hp / 32 spd / 2 spe:32 hp / 20 def / 5 spa / 9 spd:32 hp / 32 spa / 2 spe,17.7:7.9:4.9:2.9:2.3,modest:bold:calm:timid:careful,40.4:26.8:14.6:9.1:3.7,sitrus berry:leftovers:white herb:choice scarf:scope lens,33.2:30.2:20.9:4.4:2.2,,,,
2026-06-07,meowscarada,3,flower trick:triple axel:u-turn:knock off:thunder punch,92.6:72.7:68.2:56.2:21.5,protean:overgrow,95.1:4.9,2 hp / 32 atk / 32 spe:32 atk / 2 def / 32 spe:4 hp / 30 atk / 20 def / 12 spe:32 atk / 1 def / 1 spd / 32 spe:2 atk / 32 spa / 32 spe,45.8:10.8:5.3:5.1:3.0,adamant:jolly:rash:naive:naughty,45.2:44.3:3.8:2.1:1.4,choice scarf:focus sash:lum berry:sitrus berry:miracle seed,75.5:19.4:0.8:0.6:0.4,,,,
2026-06-07,primarina,4,moonblast:sparkling aria:aqua jet:encore:flip turn,96.8:79.0:66.3:40.8:29.2,torrent:liquid voice,94.9:5.1,32 hp / 32 spa / 2 spe:32 hp / 32 spa / 2 spd:32 hp / 2 def / 32 spa:32 hp / 10 def / 24 spa:32 hp / 20 def / 14 spa,10.0:6.5:5.6:3.9:3.7,modest:bold:quiet:calm:relaxed,64.8:13.1:13.0:3.3:2.0,sitrus berry:mystic water:leftovers:lum berry:chesto berry,45.8:17.1:15.4:5.4:4.4,,,,
2026-06-07,charizard,5,solar beam:flamethrower:air slash:flare blitz:flame charge,61.9:42.2:33.4:32.7:28.2,blaze:solar power,85.9:14.1,2 hp / 32 spa / 32 spe:2 hp / 32 atk / 32 spe:2 def / 32 spa / 32 spe:32 hp / 20 def / 11 spa / 3 spe:14 hp / 12 def / 21 spa / 19 spe,28.5:15.6:4.6:3.7:3.5,modest:timid:adamant:jolly:bold,33.5:29.8:17.7:15.9:0.9,charizardite y:charizardite x:choice scarf:focus sash:lum berry,64.4:34.1:0.1:0.1:0.1,,,,
2026-06-07,basculegion,6,last respects:wave crash:aqua jet:flip turn:agility,99.9:96.3:90.6:78.4:11.3,adaptability:swift swim:mold breaker,97.4:2.2:0.4,2 hp / 32 atk / 32 spe:32 atk / 2 def / 32 spe:32 atk / 1 def / 1 spd / 32 spe:32 atk / 2 spd / 32 spe:2 hp / 32 atk / 14 def / 18 spe,47.7:20.7:10.7:3.2:1.5,jolly:adamant:brave:naughty:lonely,66.4:32.3:0.2:0.2:0.2,choice scarf:mystic water:focus sash:spell tag:sitrus berry,73.9:10.2:10.1:3.7:0.4,,,,
2026-06-07,corviknight,7,roost:body press:iron defense:u-turn:iron head,98.0:70.7:63.4:61.9:31.0,pressure:mirror armor:unnerve,63.1:35.7:1.1,32 hp / 32 def / 2 spd:32 hp / 2 def / 32 spd:32 hp / 32 def / 2 spe:32 hp / 18 def / 16 spd:32 hp / 25 def / 9 spd,43.2:6.8:6.4:4.4:3.1,impish:relaxed:careful:sassy:adamant,48.3:28.8:15.4:4.2:1.3,leftovers:sitrus berry:bright powder:lum berry:sharp beak,66.5:26.0:2.3:1.6:0.8,,,,
2026-06-07,hippowdon,8,earthquake:yawn:stealth rock:slack off:whirlwind,97.9:94.2:84.4:54.2:43.1,sand stream:sand force,99.8:0.2,32 hp / 2 def / 32 spd:32 hp / 32 def / 2 spd:32 hp / 18 def / 16 spd:32 hp / 22 def / 12 spd:32 hp / 15 def / 19 spd,,impish:careful:relaxed:adamant:sassy,73.8:16.9:5.3:1.3:1.0,sitrus berry:leftovers:lum berry:mental herb:quick claw,64.0:32.8:0.7:0.7:0.4,,,,
2026-06-07,lucario,9,close combat:meteror mash:bullet punch:swords dance:vacuum wave,69.9:54:47.6:39.3:27,inner focus:justified:steadfast,83.7:8.5:7.7,2 hp / 32 atk / 32 spe:2 hp / 32 spa / 32 spe:2 hp / 27 atk / 9 def / 28 spe:32 atk / 2 def / 32 spe:2 def / 32 spa / 32 spe,50.7:19:5.5:3.6:2.7,jolly:timid:modest:adamant:naive,64.6:19.6:6.7:5.2:2.2,lucarionite:focus sash:choice scarf:black belt:sitrus berry,97.1:1.2:0.9:0.2:0.0,,,,
2026-06-07,lopunny,10,fake out:close combat:triple axel:mach punch:swords dance,62.9:59.2:45.0:38.7:36.3,limber:cute charm:klutz,74.0:23.7:2.3,1 hp / 32 atk / 1 def / 32 spe:2 hp / 32 atk / 32 spe:1 hp / 32 atk / 1 spd / 32 spe:32 atk / 2 def / 32 spe:1 hp / 32 atk / 5 def / 28 spe,33.2:25.2:5.7:4.3:3.3,jolly:adamant:timid:impish:careful,69.3:28.9:0.6:0.3:0.2,lopunnite:mental herb:sitrus berry:choice scarf:chople berry,97.1:0.8:0.6:0.3:0.2,,,,
2026-06-15,garchomp,1,earthquake:stealth rock:outrage:rock tomb:scale shot,99.2:48.6:48:38.5:34.4,rough skin:sand veil,99.4:0.6,2 hp / 32 atk / 32 spe:32 atk / 2 def / 32 spe:32 atk / 1 def / 1 spd / 32 spe:32 hp / 32 def / 2 spe:32 atk / 2 spd / 32 spe,52.5:11.1:4.4:4.0:3.0,jolly:adamant:impish:careful:naive,51.4:34.9:10.5:1.6:0.4,focus sash:choice scarf:sitrus berry:lum berry:garchompite,37.4:32.9:15.6:6:2.2,,,,
2026-06-15,archaludon,2,thunderbolt:draco meteor:flash cannon:stealth rock:aura sphere,65.1:64.7:55.5:50:26.8,stamina:sturdy:stalwart,78:22:0.1,2 hp / 32 spa / 32 spe:32 hp / 2 def / 32 spd:32 hp / 32 spd / 2 spe:32 hp / 20 def / 5 spa / 9 spd:32 hp / 32 spa / 2 spe,17.9:8:4.8:2.6:2.3,modest:bold:calm:timid:careful,40.1:26.5:14.7:9.4:3.6,sitrus berry:leftovers:white herb:choice scarf:scope lens,33.3:29.9:20.7:4.6:2.4,,,,
2026-06-15,meowscarada,3,flower trick:triple axel:u turn:knock off:thunder punch,92.3:73:67.2:55.6:21.4,protean:overgrow,94.8:5.2,2 hp / 32 atk / 32 spe:32 atk / 2 def / 32 spe:4 hp / 30 atk / 20 def / 12 spe:32 atk / 1 def / 1 spd / 32 spe:2 atk / 32 spa / 32 spe,45.9:10.6:5.1:4.9:3.1,adamant:jolly:rash:naive:naughty,44.6:43.9:3.9:2.3:1.6,choice scarf:focus sash:lum berry:sitrus berry:miracle seed,74.8:19.9:0.9:0.6:0.4,,,,
2026-06-15,charizard,4,solar beam:flamethrower:air slash:flare blitz:flame charge,61.7:41.5:33.7:32.7:27.8,blaze:solar power,86:14,2 hp / 32 spa / 32 spe:2 hp / 32 atk / 32 spe:2 def / 32 spa / 32 spe:32 hp / 20 def / 11 spa / 3 spe:14 hp / 12 def / 21 spa / 19 spe,28.6:15.9:4.6:3.6:3.5,modest:timid:adamant:jolly:bold,33.7:29.3:18.3:15.5:0.9,charizardite y:charizardite x:choice scarf:sitrus berry:focus sash,64.2:34.2:0.2:0.1:0.1,,,,
2026-06-15,primarina,5,moonblast:sparkling aria:aqua jet:encore:flip turn,96.7:78.8:66.3:40.5:28.5,torrent:liquid voice,94.7:5.3,32 hp / 32 spa / 2 spe:32 hp / 32 spa / 2 spd:32 hp / 2 def / 32 spa:32 hp / 10 def / 24 spa:32 hp / 20 def / 14 spa,10.1:6.4:5.6:3.9:3.7,modest:quiet:bold:calm:relaxed,64.7:13:13:3.4:2,sitrus berry:mystic water:leftovers:lum berry:chesto berry,45.6:17.2:15.3:5.4:4.4,,,,
2026-06-15,basculegion,6,last respects:wave crash:aqua jet:flip turn:agility,99.9:96.2:90.5:77.9:11.5,adaptability:swift swim:mold breaker,97.4:2.3:0.4,2 hp / 32 atk / 32 spe:32 atk / 2 def / 32 spe:32 atk / 1 def / 1 spd / 32 spe:32 atk / 2 spd / 32 spe:32 atk / 32 spe,47.8:20.4:10.3:3.2:1.4,jolly:adamant:brave:naughty:lonely,65.8:32.8:0.3:0.2:0.2,choice scarf:mystic water:focus sash:spell tag:sitrus berry,73.2:10.6:10.1:4:0.4,,,,
2026-06-15,corviknight,7,roost:body press:iron defense:u turn:iron head,97.9:70.5:63.3:61.8:30.8,pressure:mirror armor:unnerve,62.9:36:1.1,32 hp / 32 def / 2 spd:32 hp / 2 def / 32 spd:32 hp / 32 def / 2 spe:32 hp / 18 def / 16 spd:32 hp / 25 def / 9 spd,43.3:6.7:6.4:4.5:3.1,impish:relaxed:careful:sassy:adamant,48.3:28.7:15.2:4.3:1.4,leftovers:sitrus berry:bright powder:lum berry:sharp beak,65.8:26.6:2.3:1.6:0.8,,,,
2026-06-15,hippowdon,8,earthquake:yawn:stealth rock:slack off:whirlwind,97.9:94.1:84.1:55.2:42.1,sand stream:sand force,99.8:0.2,32 hp / 2 def / 32 spd:32 hp / 32 def / 2 spd:32 hp / 18 def / 16 spd:32 hp / 22 def / 12 spd:32 hp / 15 def / 19 spd,23.7:18.9:8.6:6.6:6,impish:careful:relaxed:adamant:sassy,73.9:16.6:5.3:1.4:1,sitrus berry:leftovers:lum berry:mental herb:quick claw,63.9:32.8:0.7:0.7:0.4,,,,
2026-06-15,lopunny,9,fake out:close combat:triple axel:mach punch:high jump kick,62.9:57.8:45:39.8:37,limber:cute charm:klutz,74.1:23.6:2.3,1 hp / 32 atk / 1 def / 32 spe:2 hp / 32 atk / 32 spe:1 hp / 32 atk / 1 spd / 32 spe:32 atk / 2 def / 32 spe:1 hp / 32 atk / 5 def / 28 spe,33.3:25.2:5.5:4.3:3.2,jolly:adamant:timid:impish:careful,68.7:29.6:0.6:0.3:0.2,lopunnite:mental herb:sitrus berry:choice scarf:chople berry,97.1:0.8:0.7:0.3:0.2,,,,
2026-06-15,lucario,10,close combat:meteor mash:bullet punch:swords dance:vacuum wave,69.1:53.2:47.6:39.3:27.4,inner focus:justified:steadfast,83.6:8.6:7.9,2 hp / 32 atk / 32 spe:2 hp / 32 spa / 32 spe:2 hp / 27 atk / 9 def / 28 spe:32 atk / 2 def / 32 spe:2 def / 32 spa / 32 spe,50.3:19.3:5.2:3.6:2.7,jolly:timid:modest:adamant:naive,63.7:19.9:6.8:5.3:2.5,lucarionite:focus sash:choice scarf:black belt:sitrus berry,96.9:1.3:0.9:0.2:0.0,,,,
2026-06-22,garchomp,1,earthquake:outrage:stealth rock:rock tomb:scale shot,99.6:51.6:45.7:37.5:32.2,rough skin:sand veil,99.2:0.8,2 hp / 32 atk / 32 spe:32 atk / 2 def / 32 spe:32 hp / 32 def / 2 spe:32 atk / 2 spd / 32 spe:32 atk / 1 def / 1 spd / 32 spe,58.3:8.3:3.2:3.2:3,jolly:adamant:impish:careful:naive,60.3:25.5:11.2:1.4:0.4,focus sash:choice scarf:sitrus berry:lum berry:life orb,39.9:29:16.6:4.7:4.7,,,,
2026-06-22,archaludon,2,flash cannon:draco meteor:thunderbolt:electro shot:stealth rock,74:73.2:47.6:41.9:36.7,stamina:sturdy:stalwart,75:24.8:0.2,2 hp / 32 spa / 32 spe:32 hp / 2 def / 32 spd:32 hp / 32 spa / 2 spe:2 def / 32 spa / 32 spe:32 hp / 2 def / 32 spa,25.7:7.3:3.5:3.3:3.2,modest:bold:timid:calm:impish,49.8:16.3:13.9:10.5:2.4,sitrus berry:leftovers:white herb:choice scarf:scope lens,29.2:29.2:19.1:12:1.7,,,,
2026-06-22,mimikyu,3,shadow sneak:play rough:swords dance:shadow claw:curse,95.9:95:78.9:60.4:17,disguise,100,2 hp / 32 atk / 32 spe:1 hp / 32 atk / 1 def / 32 spe:32 hp / 32 atk / 2 def:29 hp / 32 atk / 5 def:32 atk / 2 def / 32 spe,21.4:19.8:6.3:4.9:4.3,adamant:jolly:brave:impish:naughty,77.2:16.5:3.2:0.7:0.4,life orb:lum berry:scope lens:spell tag:fairy feather,81.8:5.2:3.4:2.8:1.3,,,,
2026-06-22,meowscarada,4,flower trick:triple axel:u turn:knock off:thunder punch,98.2:88.5:72.1:68.1:15.3,protean:overgrow,95.5:4.5,2 hp / 32 atk / 32 spe:32 atk / 2 def / 32 spe:32 atk / 2 spd / 32 spe:32 atk / 1 def / 1 spd / 32 spe:32 atk / 32 spe,62.4:10.1:5.2:3.5:2.1,jolly:adamant:naive:naughty:hasty,59.1:34.5:1.9:1.1:0.8,choice scarf:focus sash:life orb:expert belt:sitrus berry,73.6:18.5:4:1:0.4,,,,
2026-06-22,raichu,5,zap cannon:focus blast:grass knot:volt switch:substitute,96:95.4:74.6:27.6:20.7,lightning rod:static,87.4:12.6,2 hp / 32 spa / 32 spe:2 hp / 32 atk / 32 spe:2 def / 32 spa / 32 spe:32 spa / 2 spd / 32 spe:32 spa / 32 spe,77.6:4.9:4.2:1.6:0.9,timid:modest:jolly:hasty:naive,76.4:17.1:4.2:0.8:0.5,raichunite y:raichunite x:focus sash:choice scarf:life orb,96.4:2.8:0.3:0:0,,,,
2026-06-22,staraptor,6,close combat:brave bird:roost:blaze kick:whirlwind,98.6:91.3:91.2:53.1:16.9,intimidate:reckless,97.1:2.9,2 hp / 32 atk / 32 spe:1 hp / 32 atk / 1 def / 32 spe:32 hp / 2 atk / 32 spe:31 hp / 3 atk / 32 spe:32 atk / 2 def / 32 spe,30.7:10.1:9.5:8.5:3.3,jolly:adamant:careful:impish:naive,77.5:17.4:1.8:1.8:0.3,staraptite:choice scarf:life orb:focus sash:sitrus berry,95.5:3.7:0.1:0.1:0.1,,,,
2026-06-22,metagross,7,psychic fangs:bullet punch:earthquake:ice punch:iron head,85.7:80.3:75.1:60:26.5,clear body:light metal,99.2:0.8,2 hp / 32 atk / 32 spe:12 hp / 22 atk / 32 spe:32 hp / 32 atk / 2 spe:32 atk / 2 def / 32 spe:32 hp / 32 atk / 1 def / 1 spd,39.5:8.6:4.2:3.1:3,jolly:adamant:impish:naive:careful,59.7:37.1:1:0.5:0.4,metagrossite:life orb:sitrus berry:shuca berry:leftovers,96.7:0.7:0.5:0.3:0.3,,,,
2026-06-22,charizard,8,solar beam:flamethrower:air slash:overheat:flame charge,76.4:47.2:45.5:31.1:26.9,blaze:solar power,84.7:15.3,2 hp / 32 spa / 32 spe:2 hp / 32 atk / 32 spe:2 def / 32 spa / 32 spe:14 hp / 12 def / 21 spa / 19 spe:32 hp / 20 def / 11 spa / 3 spe,41.5:11.6:4.7:2.9:2.8,modest:timid:adamant:jolly:bold,43.1:32.8:15.2:6.3:0.8,charizardite y:charizardite x:choice scarf:life orb:focus sash,77.5:21.1:0.1:0.1:0.1,,,,
2026-06-22,corviknight,9,roost:body press:iron defense:u turn:iron head,98.2:86.7:81.1:66.2:24.6,pressure:mirror armor:unnerve,61.4:36.8:1.8,32 hp / 32 def / 2 spd:32 hp / 32 def / 2 spe:32 hp / 2 def / 32 spd:32 hp / 2 atk / 32 def:32 hp / 18 def / 16 spd,52.9:10.6:3.3:2.9:2.6,impish:relaxed:careful:sassy:bold,64.4:23.8:6.5:1.8:1.4,leftovers:sitrus berry:bright powder:lum berry:occa berry,69.1:26.7:1.2:1:0.2,,,,
2026-06-22,swampert,10,earthquake:wave crash:ice punch:flip turn:stealth rock,92.7:75.3:72.7:64.5:21.6,torrent:damp,76.5:23.5,2 hp / 32 atk / 32 spe:32 atk / 2 def / 32 spe:32 hp / 32 def / 2 spd:32 atk / 2 spd / 32 spe:8 hp / 32 atk / 26 spe,42.6:9.1:7.3:3.6:3.3,adamant:jolly:impish:relaxed:careful,58.6:19.3:8.1:6.7:2.6,swampertite:sitrus berry:leftovers:rindo berry:focus sash,75.8:13.1:4.8:3.5:1.3,,,,
2026-06-28,garchomp,1,earthquake:stealth rock:outrage:rock tomb:scale shot,99.5:48.5:46.4:34.8:30.7,rough skin:sand veil,99.1:0.9,2 HP / 32 Atk / 32 Spe:32 Atk / 2 Def / 32 Spe:32 HP / 32 Def / 2 Spe:32 Atk / 2 SpD / 32 Spe:32 Atk / 1 Def / 1 SpD / 32 Spe,54.3:7:4:3:2.9,jolly:adamant:impish:careful:naive,57.6:23.4:15.5:1.6:0.4,focus sash:choice scarf:sitrus berry:life orb:lum berry,37.9:24.3:22.4:5:4.7,,,,
2026-06-28,mimikyu,2,play rough:shadow sneak:swords dance:shadow claw:curse,96.1:96.1:80.7:62.7:14.7,disguise,100,2 HP / 32 Atk / 32 Spe:1 HP / 32 Atk / 1 Def / 32 Spe:32 HP / 32 Atk / 2 Def:32 Atk / 2 Def / 32 Spe:29 HP / 32 Atk / 5 Def,25:20.1:5.6:4.6:4.5,adamant:jolly:brave:impish:lonely,76.7:17.1:2.7:0.7:0.5,life orb:lum berry:scope lens:spell tag:fairy feather,84.4:4:2.8:2.4:0.9,,,,
2026-06-28,meowscarada,3,flower trick:triple axel:u turn:knock off:sucker punch,98.3:89.7:71.7:68.6:16,protean:overgrow,95.6:4.4,2 HP / 32 Atk / 32 Spe:32 Atk / 2 Def / 32 Spe:32 Atk / 2 SpD / 32 Spe:32 Atk / 1 Def / 1 SpD / 32 Spe:32 Atk / 32 Spe,62.9:9.8:5.4:3.1:2.2,jolly:adamant:naive:naughty:hasty,59.8:33.6:1.9:1.1:0.9,choice scarf:focus sash:life orb:expert belt:sitrus berry,71.7:18.6:4.5:1.2:0.7,,,,
2026-06-28,archaludon,4,flash cannon:draco meteor:thunderbolt:stealth rock:electro shot,74.8:71.3:49.1:39:37.4,stamina:sturdy:stalwart,77:22.7:0.3,2 HP / 32 SpA / 32 Spe:32 HP / 2 Def / 32 SpD:32 HP / 32 SpA / 2 Spe:32 HP / 2 Def / 32 SpA:32 HP / 32 Def / 2 SpD,24.1:8.2:3.5:3.5:3.4,modest:bold:timid:calm:impish,48.8:16.6:12.4:11.5:2.9,sitrus berry:leftovers:white herb:choice scarf:scope lens,31.1:29.6:18.6:9.7:1.7,,,,
2026-06-28,metagross,5,psychic fangs:bullet punch:earthquake:ice punch:thunder punch,90.4:86.3:75.9:59.6:31.6,clear body:light metal,99.1:0.9,2 HP / 32 Atk / 32 Spe:12 HP / 22 Atk / 32 Spe:26 HP / 32 Atk / 8 Spe:32 HP / 32 Atk / 2 Spe:22 HP / 32 Atk / 3 Def / 9 Spe,39.9:6.6:4.3:3.4:3.1,jolly:adamant:impish:careful:brave,56:40.9:0.9:0.4:0.4,metagrossite:life orb:sitrus berry:shuca berry:leftovers,97.3:0.5:0.4:0.2:0.2,,,,
2026-06-28,raichu,6,zap cannon:focus blast:grass knot:volt switch:substitute,95.8:95.2:73.5:28.9:20.6,lightning rod:static,87:13,2 HP / 32 SpA / 32 Spe:2 HP / 32 Atk / 32 Spe:2 Def / 32 SpA / 32 Spe:32 SpA / 2 SpD / 32 Spe:32 SpA / 32 Spe,77.2:5.6:4:1.7:0.9,timid:modest:jolly:hasty:naive,76.4:16.2:4.6:0.9:0.7,raichunite y:raichunite x:focus sash:choice scarf:life orb,96.3:2.8:0.3:0:0,,,,
2026-06-28,charizard,7,solar beam:flamethrower:air slash:overheat:flame charge,75.5:46.8:44.7:31.4:25.4,blaze:solar power,84.1:15.9,2 HP / 32 SpA / 32 Spe:2 HP / 32 Atk / 32 Spe:2 Def / 32 SpA / 32 Spe:14 HP / 12 Def / 21 SpA / 19 Spe:12 HP / 20 Def / 16 SpA / 18 Spe,41:12.2:4.7:3.1:2.5,modest:timid:adamant:jolly:bold,42.8:31.9:15.1:7.4:0.7,charizardite y:charizardite x:choice scarf:life orb:focus sash,76.4:22.1:0.1:0.1:0.1,,,,
2026-06-28,staraptor,8,close combat:brave bird:roost:blaze kick:whirlwind,98.2:91.4:90:53.6:16.3,intimidate:reckless,96.2:3.8,2 HP / 32 Atk / 32 Spe:1 HP / 32 Atk / 1 Def / 32 Spe:32 HP / 2 Atk / 32 Spe:31 HP / 3 Atk / 32 Spe:32 Atk / 2 Def / 32 Spe,32.8:9.9:9.3:7.8:3.7,jolly:adamant:impish:careful:naughty,77.9:17.1:1.6:1.5:0.4,staraptite:choice scarf:life orb:focus sash:sitrus berry,94.6:4.5:0.1:0.1:0.1,,,,
2026-06-28,corviknight,9,roost:body press:iron defense:u turn:iron head,98.1:86.3:81.9:64.1:26.2,pressure:mirror armor:unnerve,58.3:39.7:2,32 HP / 32 Def / 2 SpD:32 HP / 32 Def / 2 Spe:32 HP / 18 Def / 16 SpD:32 HP / 2 Def / 32 SpD:32 HP / 2 Atk / 32 Def,53.4:10.3:3.3:3.1:2.9,impish:relaxed:careful:sassy:bold,65.6:22.7:6.1:1.7:1.3,leftovers:sitrus berry:bright powder:lum berry:quick claw,68.1:27.2:1.3:1:0.3,,,,
2026-06-28,ninetales-alolan,10,aurora veil:freeze-dry:blizzard:encore:moonblast,98.0:84.9:75.0:54.2:50.0,snow warning:snow cloak,99.6:0.4,2 HP / 32 SpA / 32 Spe:31 HP / 9 Def / 26 Spe:32 HP / 2 SpA / 32 Spe:1 HP / 1 Def / 32 SpA / 32 Spe:2 Def / 32 SpA / 32 Spe,22.5:7:5.4:5.1:3.4,timid:bold:modest:calm:hasty,82.5:8.4:6.3:1.3:0.3,light clay:focus sash:never-melt ice:sitrus berry:choice scarf,90.2:2.9:2.7:0.9:0.7,,,,
2026-07-06,garchomp,1,earthquake:stealth rock:outrage:rock tomb:scale shot,99.4:49:44.5:34:30.7,rough skin:sand veil,99:1,2 HP / 32 Atk / 32 Spe:32 Atk / 2 Def / 32 Spe:32 HP / 32 Def / 2 Spe:32 Atk / 2 SpD / 32 Spe:32 Atk / 1 Def / 1 SpD / 32 Spe,53.1:7:4:3:2.9,jolly:adamant:impish:careful:naive,56.5:23.1:16.7:1.6:0.5,focus sash:sitrus berry:choice scarf:life orb:lum berry,37.5:23.5:22.6:5.3:4.7,,,,
2026-07-06,mimikyu,2,play rough:shadow sneak:swords dance:shadow claw:curse,96.7:96.2:81.5:62.7:13.9,disguise,100,2 HP / 32 Atk / 32 Spe:1 HP / 32 Atk / 1 Def / 32 Spe:32 HP / 32 Atk / 2 Def:29 HP / 32 Atk / 5 Def:32 Atk / 2 Def / 32 Spe,26.5:20.4:5:4.9:4.6,adamant:jolly:brave:impish:lonely,76.5:17.2:2.6:0.7:0.6,life orb:lum berry:scope lens:spell tag:sitrus berry,84.8:3.7:2.6:2.3:0.9,,,,
2026-07-06,meowscarada,3,flower trick:triple axel:u turn:knock off:sucker punch,98.2:89.5:70.2:67.9:17.6,protean:overgrow,95.1:4.9,2 HP / 32 Atk / 32 Spe:32 Atk / 2 Def / 32 Spe:32 Atk / 2 SpD / 32 Spe:32 Atk / 1 Def / 1 SpD / 32 Spe:32 Atk / 32 Spe,63:9.6:5.5:3.1:2.2,jolly:adamant:naive:naughty:hasty,59.7:33.2:2:1.1:1,choice scarf:focus sash:life orb:expert belt:quick claw,69:19.9:4.9:1.4:0.8,,,,
2026-07-06,metagross,4,psychic fangs:bullet punch:earthquake:ice punch:thunder punch,91.6:88.8:75.3:60.7:33.1,clear body:light metal,99:1,2 HP / 32 Atk / 32 Spe:12 HP / 22 Atk / 32 Spe:26 HP / 32 Atk / 8 Spe:32 HP / 32 Atk / 2 Spe:16 HP / 25 Atk / 25 Spe,41.1:5.5:4.4:3:2.9,jolly:adamant:impish:careful:brave,54.6:41.6:1.2:0.7:0.5,metagrossite:life orb:sitrus berry:shuca berry:leftovers,97.4:0.5:0.4:0.2:0.2,,,,
2026-07-06,archaludon,5,flash cannon:draco meteor:thunderbolt:stealth rock:electro shot,74.2:70.6:50.4:41:33.8,stamina:sturdy:stalwart,78.3:21.4:0.3,2 HP / 32 SpA / 32 Spe:32 HP / 2 Def / 32 SpD:32 HP / 32 Def / 2 SpD:32 HP / 2 Def / 32 SpA:32 HP / 32 SpA / 2 Spe,22.7:9:3.6:3.5:3.3,modest:bold:calm:timid:impish,47.1:17.5:12.8:11.7:2.9,sitrus berry:leftovers:white herb:choice scarf:scope lens,32.6:29.6:17.9:8.3:1.9,,,,
2026-07-06,hippowdon,6,earthquake:yawn:stealth rock:slack off:whirlwind,97.7:93.7:83.2:63.6:32.3,sand stream:sand force,99.5:0.5,32 HP / 2 Def / 32 SpD:32 HP / 32 Def / 2 SpD:32 HP / 15 Def / 19 SpD:32 HP / 12 Def / 22 SpD:32 HP / 22 Def / 12 SpD,26.2:21.8:6.5:5:4.9,impish:careful:relaxed:sassy:adamant,70.3:15.8:8.3:1.7:1.5,sitrus berry:leftovers:smooth rock:lum berry:quick claw,55.5:40.4:1.2:0.5:0.4,,,,
2026-07-06,charizard,7,solar beam:flamethrower:air slash:overheat:flame charge,73.5:45.7:43.4:30.5:24.7,blaze:solar power,83.9:16.1,2 HP / 32 SpA / 32 Spe:2 HP / 32 Atk / 32 Spe:2 Def / 32 SpA / 32 Spe:14 HP / 12 Def / 21 SpA / 19 Spe:32 SpA / 2 SpD / 32 Spe,39.9:12.7:4.8:3.5:2.3,modest:timid:adamant:jolly:bold,41.7:31:15.4:8.9:0.6,charizardite y:charizardite x:choice scarf:life orb:focus sash,74.6:24:0.1:0.1:0.1,,,,
2026-07-06,raichu,8,zap cannon:focus blast:grass knot:volt switch:substitute,95.4:94.8:72.6:29:20.6,lightning rod:static,86.5:13.5,2 HP / 32 SpA / 32 Spe:2 HP / 32 Atk / 32 Spe:2 Def / 32 SpA / 32 Spe:32 SpA / 2 SpD / 32 Spe:32 SpA / 32 Spe,75.8:6.1:3.9:1.7:0.9,timid:modest:jolly:hasty:naive,75.7:16.3:5:1:0.8,raichunite y:raichunite x:focus sash:choice scarf:life orb,96:3:0.3:0.1:0.1,,,,
2026-07-06,ninetales-alola,9,aurora veil:freeze-dry:blizzard:encore:moonblast,98.1:83.7:74.6:55.8:49.5,snow warning:snow cloak,99.6:0.4,2 HP / 32 SpA / 32 Spe:31 HP / 9 Def / 26 Spe:32 HP / 2 SpA / 32 Spe:1 HP / 1 Def / 32 SpA / 32 Spe:32 HP / 2 Def / 32 Spe,23:7:5:4.5:3.7,timid:bold:modest:calm:mild,82.9:7.8:6.3:1.5:0.4,light clay:focus sash:never melt ice:sitrus berry:choice scarf,90.6:2.6:2.5:0.9:0.6,,,,
2026-07-06,blaziken,10,flare blitz:close combat:swords dance:protect:thunder punch,85.1:64.9:55.2:49.6:40.6,speed boost:blaze,97.6:2.4,2 HP / 32 Atk / 32 Spe:16 HP / 32 Atk / 18 Spe:10 HP / 32 Atk / 24 Spe:32 Atk / 2 Def / 32 Spe:32 Atk / 2 SpD / 32 Spe,46:7:5.8:4.3:2.6,adamant:jolly:impish:naughty:careful,75:16.7:2:1.7:0.8,blazikenite:focus sash:life orb:sitrus berry:leftovers,76.8:13.4:4.6:1.9:0.6,,,,
